id,location,name
m1irFnWgWiz,https://images.nanswap.com/7aa13670-9492-461e-8681-0d6bf3936604,Nyano #10000
PCXmEqKfnnl,https://images.nanswap.com/1156d898-7576-40f8-9bc3-0ca60aa2aa8e,Nyano #9001
E5PBbdWN5hS,https://images.nanswap.com/7aa81b4c-3321-4690-9fa2-84528301c480,Nyano #9002
ilHQKRKQvA8,https://images.nanswap.com/e228eee1-c6f9-4b0d-89ef-e36a68badbaa,Nyano #9003
RdvYkAzm5wk,https://images.nanswap.com/d9261db2-eb75-4a63-bfb0-f344e6e783d4,Nyano #9004
iOJupoAsh1W,https://images.nanswap.com/2497dab1-dc38-4153-a245-614ee9132279,Nyano #9005
CfOH6PL3RPw,https://images.nanswap.com/9bec214c-d8a9-4589-ac67-50f1e3364b4c,Nyano #9006
D5Bp2SxTUBK,https://images.nanswap.com/14a7180e-51db-4b35-b3ec-7b3a106bfa0f,Nyano #9007
QpKwXYy1cnj,https://images.nanswap.com/de06a327-8b92-4af5-a28c-d6c1dd66454e,Nyano #9008
Zylh1w3ypUF,https://images.nanswap.com/1ffd4f65-45ae-430e-bb1a-e4e49671af42,Nyano #9009
eqvwzX88o6F,https://images.nanswap.com/4d932817-95d6-491a-be7e-1db66685c4eb,Nyano #9010
NOh8Q1o5pEp,https://images.nanswap.com/b5a79c2c-c4c0-4038-9aeb-fa1c6bbeb25e,Nyano #9011
DlUzz9r1eUa,https://images.nanswap.com/28c14345-3c72-4bca-bd13-405cbec2ea8f,Nyano #9012
DMCr6p8TaQ3,https://images.nanswap.com/ef92918b-3a1a-40e6-b695-3035a9996559,Nyano #9013
Z6opGTTxZBs,https://images.nanswap.com/245f3a71-376b-4aaf-aeb6-53af175ca8d5,Nyano #9014
qRzmodgbis3,https://images.nanswap.com/7fe24414-fccc-48d6-9f45-fe7ad1af3c7c,Nyano #9015
OoPWriuEWB6,https://images.nanswap.com/28112094-68b0-473f-9577-c8fed1773764,Nyano #9016
xnAUsYP7FiD,https://images.nanswap.com/00347334-2582-4dd3-84c6-f19710a6b636,Nyano #9017
pgX0mVZXHWC,https://images.nanswap.com/5549c7a8-50dc-40d8-b5ca-fa66ee2861c2,Nyano #9018
kCTESQ0GYZy,https://images.nanswap.com/0cfd2e7b-52fd-4f25-8b8e-1d447c487c2a,Nyano #9019
CiPGqglwTU3,https://images.nanswap.com/76c93b1f-454f-4a76-b1b7-bc110aee8fa0,Nyano #9020
WkcpDQZE5Ml,https://images.nanswap.com/4bd0a15f-557f-495e-9fac-7956a26ca0ff,Nyano #9021
tWKYy5m4hKq,https://images.nanswap.com/f2252c6d-bc5f-4d01-96e4-6006ba7c638e,Nyano #9022
7mrlwo5Icyn,https://images.nanswap.com/8d6edac6-bb31-4ecc-8329-be3d1a3d14af,Nyano #9023
cNtnMirIpSj,https://images.nanswap.com/7a64643c-5192-4655-aa48-8d7a3341a4d3,Nyano #9024
YhTJZRzXfaz,https://images.nanswap.com/1e51659b-f826-4400-9530-996d9fb8c970,Nyano #9025
PRn8MNL2dJl,https://images.nanswap.com/906fe2a2-4303-450e-98d2-f75fe65bfd27,Nyano #9026
dSpZHFb3kU2,https://images.nanswap.com/7dc7b05c-a390-4a2c-b81c-3d58fcc2d9ad,Nyano #9027
C0cQTQVPwYL,https://images.nanswap.com/389e7bee-15dd-4286-9f59-475bb716d5fd,Nyano #9028
eL2CmjXllt2,https://images.nanswap.com/3754a501-6c08-4d80-ad96-71e8cce9ccd8,Nyano #9029
z2q7cgvw6oE,https://images.nanswap.com/3270768b-4b0e-4c2a-bc70-ba040477f2af,Nyano #9030
yWYHk3Ehspw,https://images.nanswap.com/97bfa6ac-ac2b-4ec5-81df-b40e5b58441f,Nyano #9031
ZdZYF2UofMz,https://images.nanswap.com/381b0b11-f041-4685-8199-34a1125e4c90,Nyano #9032
f2GLYVwkylk,https://images.nanswap.com/b9da451d-eab1-4df4-9c94-2ef2475726b5,Nyano #9033
NQMTt10sFyw,https://images.nanswap.com/6c434843-0446-45e8-8bec-291b88284c1d,Nyano #9034
PmEKigu8mdp,https://images.nanswap.com/34ff2447-dc97-4ea0-a07e-6cf191b66c47,Nyano #9035
RqnZZUn0kaf,https://images.nanswap.com/33d7a9e3-6213-4af4-9fdd-f5c8d57c003b,Nyano #9036
VU77GEeVW1I,https://images.nanswap.com/467bacac-a11f-4c80-92f1-210993a57bf6,Nyano #9037
pHFnKDSTQqJ,https://images.nanswap.com/169d6a82-9663-405f-b916-421159a5af82,Nyano #9038
uvd8IM9WZDP,https://images.nanswap.com/fbd087db-1ad4-4e24-a3e7-26d0dc2987da,Nyano #9039
R3MxAGccXQi,https://images.nanswap.com/8f1df554-fc0e-4162-8da4-961ef15e015b,Nyano #9040
vehR9J6FoOF,https://images.nanswap.com/f77fc51a-1ce0-4b47-bb56-a4729b343e74,Nyano #9041
1HWidW0KGjj,https://images.nanswap.com/5ad73798-69e9-44a7-b227-890676182d92,Nyano #9042
1Jxbvq6RDk2,https://images.nanswap.com/b09961f0-f9cd-42f9-b7e3-f648b637a9a7,Nyano #9043
M5XuA6nVdkX,https://images.nanswap.com/8bf7fc60-da7b-465a-8ede-4ef1a3e8c1f0,Nyano #9044
lcqOjy4XWBU,https://images.nanswap.com/cd8cc65f-a6f3-4378-9eb8-56de619ef4c9,Nyano #9045
x9W8UQzMNO5,https://images.nanswap.com/b5108088-0429-4365-af4c-e3f9b6b680f5,Nyano #9046
n41yV1ku32M,https://images.nanswap.com/bfe13ba9-3c71-4904-88e2-cecbd0ba23c6,Nyano #9047
yONm6zZB2kv,https://images.nanswap.com/8af5881f-6000-4ec7-9092-58fa56d69253,Nyano #9048
rfwAh8Z9nMB,https://images.nanswap.com/9e99bf3a-1ca4-41af-98ac-0889f3c16d83,Nyano #9049
yUcS4Ho4y4j,https://images.nanswap.com/bbf7177c-2f6d-4490-992e-6247d219220b,Nyano #9050
I34X4r5rIFu,https://images.nanswap.com/f68fb455-a9ac-4d0e-9307-c6ff1fb41880,Nyano #9051
mXisW2aUuLL,https://images.nanswap.com/5cc1f15d-4f53-4bb4-8dc9-26c26fedf294,Nyano #9052
JgWgDnMaeNI,https://images.nanswap.com/43b1a188-e3be-40aa-8266-cae2bc49a664,Nyano #9053
AVW9T8MV14L,https://images.nanswap.com/b2379aa8-792b-43d1-9abc-0c2ca9533811,Nyano #9054
djQNUdQ2IBF,https://images.nanswap.com/e957b6f9-f14b-4c11-b8f7-497271d085d2,Nyano #9055
DQTeF6H7RYh,https://images.nanswap.com/e8625254-f8b4-4bae-bfa9-8803b97d3a4f,Nyano #9056
yhgVqmUKh2e,https://images.nanswap.com/c7d42114-1736-4c39-9f74-63c235c59a3a,Nyano #9057
LacfMceicgU,https://images.nanswap.com/3ff36e95-81ee-40df-944b-9f09d07b8dc4,Nyano #9058
QkFnHQwbv2t,https://images.nanswap.com/edcee83d-cbaa-4103-a5f8-468d7c859bb7,Nyano #9059
QgOsH7KHHWo,https://images.nanswap.com/c0fe76bf-b1c4-4e9b-817f-4311e84cef4f,Nyano #9060
nmVOGltoPKz,https://images.nanswap.com/088adb02-cfe9-4d05-aa13-06fbd524b109,Nyano #9061
TFF77uwHji4,https://images.nanswap.com/e71d1e48-d009-4a1c-81f0-31f5b9298e09,Nyano #9062
Hpxjex1AdMS,https://images.nanswap.com/8a69e593-24e1-4e65-889c-7d4330582d01,Nyano #9063
8cDl63lHKvw,https://images.nanswap.com/1ad899f4-2f48-4e68-a355-e4ca1c5ae717,Nyano #9064
sgcWJZ0DI9q,https://images.nanswap.com/7296206d-27db-4668-89e5-7d489874d335,Nyano #9065
p9Vp9MevwWa,https://images.nanswap.com/2d7343ac-7269-423f-9cb5-8316aa0491bf,Nyano #9066
nyoEeIHEAdv,https://images.nanswap.com/2263d629-bcd1-4991-821d-895530fd1431,Nyano #9067
zxDWWdaTQJq,https://images.nanswap.com/2018d5cc-91ae-46cb-8231-65bd08e8bdee,Nyano #9068
q96EZXSmDMv,https://images.nanswap.com/2d095787-5b2c-4f2c-8872-f7ef05253a2e,Nyano #9069
PTdAjjomcYE,https://images.nanswap.com/36eb1f72-4d96-4fdf-8ac8-77c5117db250,Nyano #9070
XrpaT9tKbbm,https://images.nanswap.com/d471d38a-67ea-4129-a417-93a29440d70a,Nyano #9071
cxUxsmLljnL,https://images.nanswap.com/44afe53d-cb94-4ffa-8956-0dbfda4d02fa,Nyano #9072
HeuI2AD1FcF,https://images.nanswap.com/692a0981-269f-404e-9ce5-8f9d09365dd2,Nyano #9073
fLaxJFHuPTK,https://images.nanswap.com/43900bb7-54fb-4d5f-9d70-7294a091598a,Nyano #9074
5ZiAqBEy2oX,https://images.nanswap.com/c18f0885-4e8b-44d2-b2c0-3f6a5836468d,Nyano #9075
OsKFxQeKAny,https://images.nanswap.com/36f3027b-94b6-4e41-8747-8fcfe7d34670,Nyano #9076
5N3q9NCUPHs,https://images.nanswap.com/761f0693-053c-4747-90d3-3b3bbfb30672,Nyano #9077
abnlDnw6WEK,https://images.nanswap.com/c409b1b7-a8a4-4ed6-b32a-73f938f0165b,Nyano #9078
SuLld4ySOvx,https://images.nanswap.com/d8a94ce0-a1bd-4519-921a-ab96420821d4,Nyano #9079
9MBYpc8h7TA,https://images.nanswap.com/9514ac72-20b6-46b3-a2d1-376ac9041b07,Nyano #9080
W1F1wPecwaI,https://images.nanswap.com/fde618fe-e850-4e44-ad10-d29940b5ff19,Nyano #9081
s2NME6fd5XS,https://images.nanswap.com/a934d24f-173c-4ec7-8323-d80b9145e281,Nyano #9082
ppPvrRf4ZuP,https://images.nanswap.com/95def20e-80a4-434a-9935-600e3eb91ef7,Nyano #9083
TYd1nw90JEl,https://images.nanswap.com/cd6ee5b6-0d2d-4e7b-8997-8bb63b249fed,Nyano #9084
J2sDx00sspv,https://images.nanswap.com/2a2822b8-a824-486f-97dd-89675be1bcff,Nyano #9085
OLE7CPY5Cni,https://images.nanswap.com/0a415142-dac3-487b-9b9e-4c234037daa1,Nyano #9086
hh38Uu7tJiJ,https://images.nanswap.com/6a503a93-89c6-4f00-a6b6-37ae01ce090e,Nyano #9087
UJjTF2CkPor,https://images.nanswap.com/3a2a849b-1b5e-4f57-ab4e-b32a4520eb83,Nyano #9088
hzcLBRnO7if,https://images.nanswap.com/ae1e6297-7fda-41f6-9198-d384307188e1,Nyano #9089
YRsaEm6DdaJ,https://images.nanswap.com/abc86d56-b5f5-4486-9453-737b37fb82e0,Nyano #9090
deIbyy07SDF,https://images.nanswap.com/618e3523-2b75-4fe7-861d-a4042430024e,Nyano #9091
2JVNP7eDntY,https://images.nanswap.com/4f056973-f25f-4df2-a921-88aeab15241c,Nyano #9092
JpgadYoXPtO,https://images.nanswap.com/bc20d555-111c-41c2-b0a4-ad90887d5971,Nyano #9093
SeGQvn7ZHtl,https://images.nanswap.com/64a2198b-b517-46ad-aeeb-7a00ca4a1bbd,Nyano #9094
i5nZOjQMjZ5,https://images.nanswap.com/477e3adb-bd95-49ec-b81d-516ab56be705,Nyano #9095
8pMyTS7g5GX,https://images.nanswap.com/65fff4b8-d31f-4dff-b202-da056657c36a,Nyano #9096
8m82JsS70ho,https://images.nanswap.com/6a49057e-3870-4367-a008-ed33c7b304fe,Nyano #9097
zdaqTTlkQIB,https://images.nanswap.com/33a0a3aa-3236-4bee-a5e0-0cb6e4ae7331,Nyano #9098
WByIbTckNXw,https://images.nanswap.com/4db13872-abf5-4ee2-b57d-17d02525244e,Nyano #9099
Oo3gAJ9ixJA,https://images.nanswap.com/b31227bb-99c4-4b13-9f32-7d798db87731,Nyano #9100
XdnpAWmuCP3,https://images.nanswap.com/2677dd87-f462-4662-8d38-32259b59b413,Nyano #9101
A9zOEOtZO01,https://images.nanswap.com/94259eee-cace-4f5a-ac8d-3111e99b1e24,Nyano #9102
W3Xxm3qTu98,https://images.nanswap.com/bf9c2cf9-2215-4833-a289-c15b3c1ef793,Nyano #9103
8R7KEEtAqvF,https://images.nanswap.com/b8521d0f-f599-431d-bf1c-11bf549bde63,Nyano #9104
5Y9TtGTuth9,https://images.nanswap.com/3e06a0d4-a922-4b6b-a324-7fd18273a1ff,Nyano #9105
SHyfLAcAhAy,https://images.nanswap.com/b8aebd61-a7ce-42b1-9e5c-b824d1be894e,Nyano #9106
6g0XmdxKKTU,https://images.nanswap.com/be594332-5e93-4df6-bd59-90f3adaecd0b,Nyano #9107
daNT9rY2zNp,https://images.nanswap.com/8fec168a-3ab1-4acc-93de-d5565f893c23,Nyano #9108
pobOKlhwluA,https://images.nanswap.com/6d7d4b93-c410-4139-8ef9-da0525fbf61c,Nyano #9109
zLRQmpt8Ryn,https://images.nanswap.com/d5b18b32-81ed-411b-b960-8207221bac30,Nyano #9110
qFPwGatN9fK,https://images.nanswap.com/abecc380-c747-424e-b351-f436b0270a57,Nyano #9111
N4KjDTHTvyp,https://images.nanswap.com/30356837-b3d4-49db-8f92-5d147a844514,Nyano #9112
TtooMKmNJJv,https://images.nanswap.com/8b870d9d-16e5-4bb7-96ba-86242e296d79,Nyano #9113
WMWyI5OdwIf,https://images.nanswap.com/76b6d43d-a604-4309-8df2-764b337b27b4,Nyano #9114
kQvIDYVBPR0,https://images.nanswap.com/bd90f42d-c726-4f55-9083-ab15ffdb975a,Nyano #9115
Lbmz0lDy3PI,https://images.nanswap.com/942b6763-5ad3-49cd-ac1f-d3a8e92d3298,Nyano #9116
1fJVbfpcUKJ,https://images.nanswap.com/1623f3ab-13d3-428c-86c1-f768b980dfd6,Nyano #9117
bahCB9ths3z,https://images.nanswap.com/eb51a436-f28e-49c4-803f-dae5113485bd,Nyano #9118
Tl7MvuOkKoa,https://images.nanswap.com/1bd2858b-dc4e-4755-bf8d-0dd765bf0629,Nyano #9119
NDnJQOxFqS5,https://images.nanswap.com/20f0cf13-c9cb-4c22-a3ef-bcf543e13364,Nyano #9120
MMaPUS5Ua7V,https://images.nanswap.com/7988fd84-ce4c-48cb-a5f5-75d27ebfe016,Nyano #9121
GSnn3XVb6Un,https://images.nanswap.com/c89e28b7-734f-407f-a5e9-ab36acdf0bd8,Nyano #9122
AoOYwWQuqKB,https://images.nanswap.com/28133091-67f2-4dea-9e86-24dba782fd14,Nyano #9123
dCAKLa5aLZX,https://images.nanswap.com/2be88a43-d473-46c1-897c-e7aa44e578cd,Nyano #9124
9fefoN1m9QB,https://images.nanswap.com/3d97c066-5d89-41e7-9784-62f9b11181dc,Nyano #9125
guczN2Lunr2,https://images.nanswap.com/3d64953f-26b5-44fe-83d9-2f3a7210bc61,Nyano #9126
FOpWQgxpFtm,https://images.nanswap.com/9e797aa6-4ab2-4e2d-9cd0-c4eed458afc2,Nyano #9127
0BEmqeWrJIr,https://images.nanswap.com/6e29538c-99ea-4600-9977-73b3df7e6326,Nyano #9128
Wz1hIMTwg9J,https://images.nanswap.com/a55eda53-9a69-407c-8ea7-02ca0653263d,Nyano #9129
ZE2Rrt7qV4I,https://images.nanswap.com/87d804b5-411b-4acb-b557-27624fb91709,Nyano #9130
AKicKykcA9Z,https://images.nanswap.com/f4807456-5d08-48c1-a6eb-bebf7e646515,Nyano #9131
EsQOEumsFnG,https://images.nanswap.com/b3cac387-9b98-4336-ae0e-bfa198a6b685,Nyano #9132
WeEsXvHunms,https://images.nanswap.com/d208c975-ebfd-427a-b6d0-c661b96f16bd,Nyano #9133
1nwT38isIVn,https://images.nanswap.com/bac2902a-3aa6-4261-9f32-e6a090b0cf0b,Nyano #9134
C96TgqyPX2F,https://images.nanswap.com/2c6b1cb0-4a13-4867-b6db-bdb89b9897cd,Nyano #9135
wPR6iNE6Lyj,https://images.nanswap.com/4fa55437-d9a7-46db-b47f-3a19a25322ac,Nyano #9136
XRUiTkXU15r,https://images.nanswap.com/825ef5bc-2c5b-425f-9313-f39ef6d3562c,Nyano #9137
9lhficvmu0d,https://images.nanswap.com/0dcd24c7-8b39-456d-a238-58cb144b306f,Nyano #9138
9wq5cJSB02N,https://images.nanswap.com/be146a15-4b7f-4920-9d05-4ce37cb000db,Nyano #9139
GBicKAbNphu,https://images.nanswap.com/0c7139bb-f03d-4116-b2e7-379dae8c618c,Nyano #9140
rN9X3oZFhZl,https://images.nanswap.com/d0dcdb4c-505f-4517-9537-c0c4e94a4eea,Nyano #9141
onFl7yTUqr5,https://images.nanswap.com/49cc5a07-ae03-4118-ada9-d0e81105a38a,Nyano #9142
pTWKcLUFGae,https://images.nanswap.com/68435b87-202f-4884-aea6-68e717c779d8,Nyano #9143
gqfltqbgHtS,https://images.nanswap.com/93d630c1-12bb-49b7-af80-ac955872202b,Nyano #9144
MeLCoi32VSU,https://images.nanswap.com/8dcc925d-8648-4e58-8976-601819cb67fb,Nyano #9145
6Z4Lv34boS0,https://images.nanswap.com/b8f628ee-6bd0-47ac-812b-86eb7baf08ae,Nyano #9146
tiKn7ZG6A2l,https://images.nanswap.com/0a517833-926d-4523-b1be-205a5095f32a,Nyano #9147
RSklMiyWfzN,https://images.nanswap.com/5a63a0ea-0897-448c-b8e0-08d32f332e5a,Nyano #9148
t6Hy85N3EU4,https://images.nanswap.com/5f50a9ab-31cc-4509-836a-52c2547af59c,Nyano #9149
9SEq0d2V6kp,https://images.nanswap.com/61bdbc5f-98f4-45b1-b48c-ddb415db3aa2,Nyano #9150
LnwUgtQsO1s,https://images.nanswap.com/901ac384-f277-4d62-932c-7ab52093bfc2,Nyano #9151
VrKP2Y1CZPz,https://images.nanswap.com/39d285fb-3db6-4f8e-81bf-9ea0e415da6e,Nyano #9152
9jDHqHLQUdR,https://images.nanswap.com/f1f7df5e-a39f-48b1-afb1-97dfbbd109d9,Nyano #9153
Xi4qwNh4HS2,https://images.nanswap.com/a7a72d10-2ac8-440e-81ef-778ed46396a2,Nyano #9154
gJlC6ZhSNS7,https://images.nanswap.com/8786b5d7-3eb2-49ba-909e-8b69db150f25,Nyano #9155
mDjTJsoibjO,https://images.nanswap.com/0ae1d6dd-1633-4ae8-a496-0ac5e96f6114,Nyano #9156
sqxSaGRnES0,https://images.nanswap.com/66c547c8-69c9-4341-b0b5-5e4a89097f29,Nyano #9157
ouwRR8CWzVI,https://images.nanswap.com/f933a559-12d8-458a-b351-e071d71ecce8,Nyano #9158
rJsPip5AEja,https://images.nanswap.com/6309ec53-07fa-4c39-a1ce-4437e4169e06,Nyano #9159
X7Om4pDlkOZ,https://images.nanswap.com/d04a9e4a-235e-411e-8d52-fcac71ebf39a,Nyano #9160
pu1mfXQorK2,https://images.nanswap.com/d6433f0a-2115-469d-9b78-bbe72c522927,Nyano #9161
Elgm4wQjPan,https://images.nanswap.com/dd369a6d-4feb-4cc8-9d75-b096b4ab7ef7,Nyano #9162
kB4PFF15J2z,https://images.nanswap.com/96405970-1edf-4ad8-b935-5c6d34bdc9fa,Nyano #9163
D3ABg05Pk4p,https://images.nanswap.com/a89202fa-4530-4467-8e43-2054201994cb,Nyano #9164
Aq9JSQPXUzV,https://images.nanswap.com/4f63ad4e-5a59-4ed5-bfce-8d6781f07383,Nyano #9165
z6ZlIUgcQXU,https://images.nanswap.com/45ba3d2f-cf4b-4843-9a88-a88ccc6b9d89,Nyano #9166
vlbg6V4eguU,https://images.nanswap.com/0eb41901-45a1-44d8-8885-ad2584b4f679,Nyano #9167
uCDurjieIOv,https://images.nanswap.com/2e0637fd-d76a-44bb-8ed7-d882e6ceeb6e,Nyano #9168
rUkwFfHKR6T,https://images.nanswap.com/03203d15-4347-4430-a6da-de1b7c75b328,Nyano #9169
C9GiHPgETpA,https://images.nanswap.com/9e8de37b-27df-4397-b2e1-358f788a83ec,Nyano #9170
rrjArAJrqa7,https://images.nanswap.com/2d073b6b-d002-4b87-a35d-4d3b493c261f,Nyano #9171
Kk7XzNCpD62,https://images.nanswap.com/5beabd0f-6d70-475e-9d97-5d0e4bffb76b,Nyano #9172
FD4JjkgflfS,https://images.nanswap.com/8420b4f0-ac3d-4436-8220-13613ed8c6dd,Nyano #9173
jK1xAQgPoA7,https://images.nanswap.com/1045bbef-a16e-4f55-923a-5fb9f385b9d0,Nyano #9174
ZT24dSMYyxC,https://images.nanswap.com/c8c7f86f-7bff-4e18-93d2-e2c61c8b842e,Nyano #9175
OUOxvJNi6tu,https://images.nanswap.com/9ff72542-edb6-4cbc-9c6d-65ee8f37d71f,Nyano #9176
5ZPOqAMniyG,https://images.nanswap.com/a9fb9a96-e087-4bf6-88ba-275985d62130,Nyano #9177
pUZ4Nxsb9WT,https://images.nanswap.com/be117831-36d4-4423-9b38-92cab009dfc2,Nyano #9178
2jLKfWJ9W8h,https://images.nanswap.com/8aac8a5e-d6ba-4dad-b996-a403a195ad50,Nyano #9179
wt7b3n0sjyw,https://images.nanswap.com/18e0e21f-d9a5-4e07-838b-73e8bbd73d49,Nyano #9180
xViyNwXCGUa,https://images.nanswap.com/3ea0993c-73ae-416a-a9fb-e3779c6c8847,Nyano #9181
xAUnEZk1riQ,https://images.nanswap.com/e0c50c0f-30dd-4da1-ad9b-f86b05707895,Nyano #9182
Tf5PbyODPWR,https://images.nanswap.com/5e1d5026-9ba2-4deb-a5c4-0555cbe3d5d8,Nyano #9183
MIGr1Y8IGHz,https://images.nanswap.com/28c10eb3-bb42-4553-b63e-c9c3e940dd20,Nyano #9184
39cEnDzP4IT,https://images.nanswap.com/d40d2d36-700f-47b0-9322-a8435adb9b12,Nyano #9185
dSKh0EVaK7K,https://images.nanswap.com/982ca328-c205-4bdf-8882-28e8a826d4c8,Nyano #9186
m14nx9AkCge,https://images.nanswap.com/2400060f-e98c-43bd-85e7-acdd0bda27c1,Nyano #9187
lvnT23fukWB,https://images.nanswap.com/1e9ff2d9-74c9-414d-b745-745e527bfb47,Nyano #9188
GzEBj4wRKEl,https://images.nanswap.com/8e16aff0-80cc-4c46-85c4-928d1c789297,Nyano #9189
J7ZTJhi0xQt,https://images.nanswap.com/27b6f85c-6df5-42d8-922f-0e0daa97f4d5,Nyano #9190
9EMIeQTuxOU,https://images.nanswap.com/606633da-3c86-4289-af70-84936ea82dd1,Nyano #9191
27wh95iUx1C,https://images.nanswap.com/48a7c31b-5340-445c-8fa2-f1b3f8d98016,Nyano #9192
PLIe6B8Kmcr,https://images.nanswap.com/83609201-52d4-4951-b045-1984c3dc525d,Nyano #9193
OrgHFy4Z6I8,https://images.nanswap.com/17da07b7-b197-4930-a8d2-f87c311ed97c,Nyano #9194
8zXUye5mSkf,https://images.nanswap.com/183022bc-eef0-4818-aa6c-d397514d66f2,Nyano #9195
rtWpy4hI5xC,https://images.nanswap.com/05dbf163-77de-4d95-8a83-98e2a1eeb929,Nyano #9196
LYiIa6eZTUf,https://images.nanswap.com/de8e4e1f-16a6-481b-9156-321817d627ca,Nyano #9197
tttnKshR5Ti,https://images.nanswap.com/05ce7f23-a288-4978-b315-0bea9cad1b94,Nyano #9198
A3HsS6bhwgl,https://images.nanswap.com/6e687e9e-daa5-43de-8a6c-b0f551858a8c,Nyano #9199
xisYzq6ur2J,https://images.nanswap.com/6893e439-68a8-44be-8e70-4620c9f6952e,Nyano #9200
SjgWJGOalgN,https://images.nanswap.com/53b3a2c1-0c26-46bb-8d1b-1822cae29b99,Nyano #9201
IXCVPH6M3xR,https://images.nanswap.com/c8bc14c4-d963-403e-a407-ebe9d3dd5cc4,Nyano #9202
fGyD4PtAvsq,https://images.nanswap.com/3ba0d4a9-e94d-42a8-a358-58553e5f6d7a,Nyano #9203
aG5f1XnRFDz,https://images.nanswap.com/e1e8721f-495e-4542-beaf-9598c17e2054,Nyano #9204
W6HQp8qm4PM,https://images.nanswap.com/6df072e5-ae5e-46a3-a6d4-8d8da66e5ad0,Nyano #9205
CT47CmKcSJw,https://images.nanswap.com/f746d723-fa1f-4aa6-8c5f-e29729194b5f,Nyano #9206
R8uTgsiNh29,https://images.nanswap.com/a04c93c9-b9e6-46e2-857b-087534655b8e,Nyano #9207
jIDUXoMZu0H,https://images.nanswap.com/4c88ddb1-eadd-4544-86a5-fca105821013,Nyano #9208
y3LF6ZQZDVv,https://images.nanswap.com/2b613143-42a0-4f89-9c25-7a18417f6105,Nyano #9209
rQ6BXI4OXY7,https://images.nanswap.com/1a890e51-4ca1-4ace-b509-fb163135e93e,Nyano #9210
Fe0bbOZMkdo,https://images.nanswap.com/6c36772f-854a-4655-a64c-2fa328087729,Nyano #9211
4XvneNRssNg,https://images.nanswap.com/8ce6985f-7439-4341-a101-441e8610f94f,Nyano #9212
U55WYvB6vj2,https://images.nanswap.com/1cdb78e9-d721-4b8c-a10e-dad8157cc312,Nyano #9213
SFj2VMUcXhx,https://images.nanswap.com/2c3e1b55-cff4-4b8d-beca-35085263d5f1,Nyano #9214
DS00uXjdo4k,https://images.nanswap.com/cb287abf-1e82-4b58-8e1e-683624e9e193,Nyano #9215
JTGPWQMVO2H,https://images.nanswap.com/e6902073-c116-4812-875e-cb1350ac7e3e,Nyano #9216
nOtws3JdtRH,https://images.nanswap.com/1dcf5920-1bf0-4d2b-a063-3d5d18678c9e,Nyano #9217
IIpXAXq84sF,https://images.nanswap.com/24dc2647-e963-46e3-b00d-7c9a667ab35c,Nyano #9218
R1mjEodClSO,https://images.nanswap.com/55d14a09-a968-49a8-8040-135a47cab543,Nyano #9219
TM1GrBO4AaT,https://images.nanswap.com/7029e277-3bae-4164-9f9a-416526609c5b,Nyano #9220
98n8K8zhFJn,https://images.nanswap.com/c9606819-8472-4ffc-ada4-5fcfd2cbf2c4,Nyano #9221
J7BmxHASITm,https://images.nanswap.com/2828969c-831f-493f-b66b-a6730981d562,Nyano #9222
bBxDDo7XHnn,https://images.nanswap.com/545161d7-0aa4-4bfc-bc50-258bec7fc1ed,Nyano #9223
8YTalJWkkt4,https://images.nanswap.com/5f402c9f-e4b7-4f01-8926-f8ac866c939f,Nyano #9224
GClxdcdFwiu,https://images.nanswap.com/42435360-328e-4b4d-a360-74a5a7c3e342,Nyano #9225
TNIo01cmk8l,https://images.nanswap.com/01cc82e3-130c-46b4-9695-692aa1313a9d,Nyano #9226
DXDmm2Og5BG,https://images.nanswap.com/af85dc33-f0d1-4fef-874f-2769c13c0059,Nyano #9227
Dj702o1EnlU,https://images.nanswap.com/7b4472c9-437f-428e-bdf9-644cce16c501,Nyano #9228
EsYJWWhZcZ1,https://images.nanswap.com/4429814d-06aa-442b-85e2-f702ebeffd3a,Nyano #9229
kUd6xkxZ5fS,https://images.nanswap.com/6967402f-0ee2-4165-9b4f-1673497a4b1b,Nyano #9230
BL9T4tNrbsh,https://images.nanswap.com/f2e58dae-0801-4f1b-8b15-4633802985e9,Nyano #9231
nBTnxMtD1MJ,https://images.nanswap.com/32990c59-c985-43c4-9e19-b225911bf391,Nyano #9232
xhBBoTH0iDb,https://images.nanswap.com/3718ce40-e14b-4850-9893-b8725be30930,Nyano #9233
nOhJhLnkXT0,https://images.nanswap.com/6bd9f64b-c960-4122-ab72-4d1a7ab3bef1,Nyano #9234
DJuGBCBPa8z,https://images.nanswap.com/f1235df0-9d25-42d8-9123-d8a73d1f4867,Nyano #9235
OqErJxsClhe,https://images.nanswap.com/fe14ad70-d342-4409-ae74-234496859038,Nyano #9236
e5pzeYulEjy,https://images.nanswap.com/c2fd5b42-d08e-4f98-a8b4-3bbfbcd59e5e,Nyano #9237
DSAGnMY9JMR,https://images.nanswap.com/b2095a0e-cde3-404e-b560-b1329162637e,Nyano #9238
KIW8AuwuPgc,https://images.nanswap.com/2ca0794f-8e36-4ced-b097-560ac7e83d58,Nyano #9239
R83XvuvelbE,https://images.nanswap.com/91594f45-a8bf-4a25-b4fc-ce6e8e3f4034,Nyano #9240
7KGP0osrc6Y,https://images.nanswap.com/c56b9851-4a57-49a3-809a-1852431b7a5e,Nyano #9241
GsYyNzRPdoe,https://images.nanswap.com/24b42267-99a3-46c8-8ec3-8158377b8056,Nyano #9242
jFeOo9UEtVt,https://images.nanswap.com/7ac96413-a83b-4fc2-8b46-36742c0faa52,Nyano #9243
1Drw84iBZOU,https://images.nanswap.com/5f401e3a-222e-47b7-bf36-cd341e92e1ae,Nyano #9244
Rv5NYFZ83VE,https://images.nanswap.com/c046cc0e-2b38-4a10-ac11-95d4f2ba2da7,Nyano #9245
CTHu8ZXvx52,https://images.nanswap.com/eb8e6f69-cccf-4e91-86a5-9630dd440a09,Nyano #9246
uyf9i3G8CKH,https://images.nanswap.com/8daf8f5e-c85e-45ba-bb2d-1090b9d9a98b,Nyano #9247
HuDnlG4BFsD,https://images.nanswap.com/3825662a-74e7-494a-bf18-25e2ace5130c,Nyano #9248
UFZzstUPniF,https://images.nanswap.com/33368e6e-1a2d-4b43-8498-e0736c50b403,Nyano #9249
s02TWCSwo1E,https://images.nanswap.com/91d32b28-256d-449d-862f-6205c71a429c,Nyano #9250
PvyTKGRfvy4,https://images.nanswap.com/a8afeede-1fb1-4074-91c5-0101cb3c84b1,Nyano #9251
XhLnrAXyPDi,https://images.nanswap.com/29ac9dad-f3ad-4b23-9277-8d97e0f69371,Nyano #9252
asEKuok7TFL,https://images.nanswap.com/be497b1c-f73a-47f7-9d61-f50c8e788aba,Nyano #9253
vkPh1OFo2Ug,https://images.nanswap.com/5aacaced-025d-417d-bdb0-ce7bde861824,Nyano #9254
SFim2rxKM9F,https://images.nanswap.com/1b44f45b-eec9-4e74-8807-44d371036225,Nyano #9255
ZpWAS4ZhjZQ,https://images.nanswap.com/b2850606-5e91-4637-bcaa-32cf30979d82,Nyano #9256
62E3Rhqlad3,https://images.nanswap.com/9e948929-0101-4ccf-bd4a-a8e3c8fe1802,Nyano #9257
ayAeWKHD04N,https://images.nanswap.com/33098333-3185-4481-b727-ba76ffa90454,Nyano #9258
sx9TKHOT60T,https://images.nanswap.com/80cd46bf-cb43-459b-97ee-14b764a86d96,Nyano #9259
aHKedNQCmHT,https://images.nanswap.com/e6bc7ec1-dd91-459d-9e7c-d64ae296f653,Nyano #9260
VPoySH0u70y,https://images.nanswap.com/5b7de95b-3a70-406a-a223-637e673a81a4,Nyano #9261
fywmf6rHaDC,https://images.nanswap.com/b7b41e37-58b1-4fd2-93b9-167a1b3a9502,Nyano #9262
KweWYEbDwzR,https://images.nanswap.com/54022218-e2cc-46c2-b1c2-6aa9b05a8bdc,Nyano #9263
qUBWBNQgGuG,https://images.nanswap.com/140412e7-468d-41f2-a942-a38e3fa9ce97,Nyano #9264
anOZINrbQ3K,https://images.nanswap.com/bd1b2dc6-4c7e-4372-b994-de78b8c28ee7,Nyano #9265
PP3B1C3HkiV,https://images.nanswap.com/a0c8a281-6d78-4505-9950-3e654765bd10,Nyano #9266
W8uz8Zy0sBo,https://images.nanswap.com/f0d7d63d-679f-4a04-8780-de3bb180a2bd,Nyano #9267
6HGbmk3pdT6,https://images.nanswap.com/030b329f-635d-4dc0-95b1-bd562db79ea9,Nyano #9268
RbLKE8HCuQF,https://images.nanswap.com/12b03980-5de1-40f8-96e9-7791151d677c,Nyano #9269
fS03q24K9PM,https://images.nanswap.com/41a09759-b4d6-444c-b3b6-21bca4fd4910,Nyano #9270
eTwncAxTYCz,https://images.nanswap.com/19ee0c25-5f8b-4620-8816-b512697fda58,Nyano #9271
cggU9KI6Tvy,https://images.nanswap.com/1cbf4fa4-ef85-4d9c-9170-3066e4e29936,Nyano #9272
bvIRX1kJsz7,https://images.nanswap.com/d2df10f1-3def-4e69-97ee-773c5c1b2320,Nyano #9273
elrYaipuhPG,https://images.nanswap.com/d727dc21-6290-4e40-b54e-29bd792033f6,Nyano #9274
qnLuypdK6P4,https://images.nanswap.com/cbef0c4c-e0e9-4594-ae95-2c141a81fa0c,Nyano #9275
69NkJH6QtFI,https://images.nanswap.com/c4707604-cc79-4a9a-b431-8fa1cba51c3c,Nyano #9276
1CRpyKkuyeQ,https://images.nanswap.com/29e2f52d-115c-40c8-86e3-da39360d665c,Nyano #9277
Og71uBve0rs,https://images.nanswap.com/f28be8a0-9fd5-4514-9a49-93f04cc43846,Nyano #9278
knMfWhRHOJv,https://images.nanswap.com/8c0f2305-d5e1-4187-908f-7eee514b13b8,Nyano #9279
tL6wJ4qDgvF,https://images.nanswap.com/33f962be-5158-4968-b063-2cb968e4fd22,Nyano #9280
H2M0HfzHG6V,https://images.nanswap.com/86b8b623-35bc-4c9b-ba09-ac6347cf3b52,Nyano #9281
LkWcQAWZnOo,https://images.nanswap.com/9ea04288-2cbe-46ea-9ff7-b2006b8edd2d,Nyano #9282
ajF9g9V2Jwp,https://images.nanswap.com/42990508-3d74-4904-a20e-b6c448b44f56,Nyano #9283
XzN22ZZLT1x,https://images.nanswap.com/c9d29f67-fc05-4923-b764-48849da18b81,Nyano #9284
YtMz6DySrJM,https://images.nanswap.com/b27a9768-13b4-48b7-b0de-74c9ab13d021,Nyano #9285
Dc70s8NOJ5L,https://images.nanswap.com/927227c5-b87c-4947-a15a-9ed70c2d12c9,Nyano #9286
o7c5ATfAKAo,https://images.nanswap.com/934f7c6d-ce38-48b4-a0c6-57c1ac3292ac,Nyano #9287
mapLdFeXy1m,https://images.nanswap.com/804fb18c-f7bf-478a-bbb3-473b7e26474f,Nyano #9288
RwYvUpIkDcY,https://images.nanswap.com/681a72cd-65f5-4210-8ff0-9f2bc661e051,Nyano #9289
fIdiiNs919w,https://images.nanswap.com/f95bd564-ae9e-489c-aaad-2c51a9d50efd,Nyano #9290
OOKOPl67Fi5,https://images.nanswap.com/a7b54f99-3107-4c35-8dd6-9e1f0fe75b23,Nyano #9291
LFs5g1JW2v1,https://images.nanswap.com/f2c854bc-0f2c-41d8-a42e-e9b39e3d6f55,Nyano #9292
SwAzNXdGdMQ,https://images.nanswap.com/9d7df2ed-1905-4c5e-9aea-986469ba455b,Nyano #9293
xIFkOx34nPh,https://images.nanswap.com/df734947-62d0-47ad-a6ce-90aa474cc7a5,Nyano #9294
O75kLusmE1z,https://images.nanswap.com/c7242729-0119-46a9-97fe-b4ee45197b19,Nyano #9295
Am4FWyWKGwQ,https://images.nanswap.com/d0f01500-34de-4d66-a02d-6c38bc3c71db,Nyano #9296
byz7FrOTQh6,https://images.nanswap.com/3fcbff6a-1ddd-42fb-8f86-557e348f6b5a,Nyano #9297
BpF3lkkf5bI,https://images.nanswap.com/4a7d8c98-8626-482e-9849-07dc3219719f,Nyano #9298
cC9VUKrkHc4,https://images.nanswap.com/67ecce74-3dcc-439f-9b7f-b6a80bb0e24b,Nyano #9299
NRmwTu2Ivm2,https://images.nanswap.com/9ba26ffa-3109-4581-8274-35ec3824ca3b,Nyano #9300
2LLQFOCzysH,https://images.nanswap.com/9fa08cb1-f654-4693-ac99-d882b587a120,Nyano #9301
5MOqFofISkR,https://images.nanswap.com/eaafea81-419d-4641-b34b-5a9fd1c36c83,Nyano #9302
5jxM7OPoULo,https://images.nanswap.com/2457bad6-bbca-456f-bcd5-bad7e4de0097,Nyano #9303
uBwfO8oXRgo,https://images.nanswap.com/f9c56d7f-61a1-447e-91fe-ead6a5b04208,Nyano #9304
t2LslkiSwc1,https://images.nanswap.com/c2528be7-78fa-4917-abe4-73667c2f8946,Nyano #9305
oMBHJ6oT2pt,https://images.nanswap.com/2d8d2ac5-623d-410d-9631-918a97501f8d,Nyano #9306
mljx8WnPwo7,https://images.nanswap.com/275e2c1d-77b8-4a27-9b6c-996bdca4f343,Nyano #9307
eE2LlSWJd3F,https://images.nanswap.com/7aaef017-9dce-433d-b095-7971c1876765,Nyano #9308
m5VvSnovdB5,https://images.nanswap.com/cbc683ee-5b0f-4ae2-8641-50e5a500df2f,Nyano #9309
Wyn81GAikL8,https://images.nanswap.com/b2b121c8-a004-41b1-af1b-35b7430a44ac,Nyano #9310
QGpVdM7wqrs,https://images.nanswap.com/89b9d3e5-4889-4c1a-a95a-36630c61a56a,Nyano #9311
XUSZnvZUNwp,https://images.nanswap.com/c74a141c-5e49-45b5-a017-effe5b6fed63,Nyano #9312
TyATBRfwxuD,https://images.nanswap.com/1ef2f502-f54a-4f90-b372-b1ca7cf51133,Nyano #9313
UtCWU8parsH,https://images.nanswap.com/338cd815-4b95-4e84-9afd-0e80a21238c2,Nyano #9314
1X0cb2eFlo2,https://images.nanswap.com/95ab5366-0244-44ee-a139-fd40cb178b0a,Nyano #9315
J5bRmiWBvkD,https://images.nanswap.com/b6de7f99-debd-4867-90c7-2eb57d4766b7,Nyano #9316
rnxbnHnHsv2,https://images.nanswap.com/0fad5b04-c369-440a-b20d-777801f06157,Nyano #9317
Wo4TAfoQMhL,https://images.nanswap.com/e0999796-7950-4984-b543-6bc57673f886,Nyano #9318
59IZsUYdYym,https://images.nanswap.com/aa673ac7-ad57-4a7d-a526-3f3b87f8cbcf,Nyano #9319
jgzs4S0x4zB,https://images.nanswap.com/97905ba8-a295-4c33-a98c-0fa3e9b90141,Nyano #9320
aRQQebd85u4,https://images.nanswap.com/6004594d-aa76-486c-8938-c8ad4819ba86,Nyano #9321
FKioPyGTJZs,https://images.nanswap.com/1d7dfed1-02b0-4738-a9c3-62ef55b20093,Nyano #9322
httBFJZqCpE,https://images.nanswap.com/678b49b4-35e2-45a2-ab39-93fad930c98e,Nyano #9323
uBafIPKOCpQ,https://images.nanswap.com/09828dc3-cf47-40e9-9d04-93d479d4142f,Nyano #9324
rHKhGjadDpX,https://images.nanswap.com/10bff7bf-2edb-4098-aa0f-c038cc640853,Nyano #9325
29lCCn273I2,https://images.nanswap.com/0641f458-ba24-45ec-abe8-f1f2de44afe9,Nyano #9326
inC3cMR1bxw,https://images.nanswap.com/41dc5825-756d-4551-a1e6-6ee2fb2cf72b,Nyano #9327
yMhRUQ6wqrS,https://images.nanswap.com/9418ba42-b722-40f4-9a3a-89877a7ab68d,Nyano #9328
0F0LX2GoboC,https://images.nanswap.com/486023c2-0014-4413-b1d9-9a8212ec8195,Nyano #9329
Kchab0I06Vg,https://images.nanswap.com/8eea5698-90c7-4c02-b1cf-6fed5bafe5c7,Nyano #9330
ovs9HIL5HtO,https://images.nanswap.com/a0b93859-01c6-4786-95b8-064edeb4e928,Nyano #9331
zWenhYlcrpR,https://images.nanswap.com/54f1f1fa-8c8a-45d3-b6f0-5965fff50dda,Nyano #9332
qhKBcla9Hxj,https://images.nanswap.com/a48b9c7f-9eca-437c-ae2a-e26f4877fc7d,Nyano #9333
4jgri6CWaBO,https://images.nanswap.com/c1d3e74d-6650-4305-b81d-f6683968bdb6,Nyano #9334
IkAiDKWhabs,https://images.nanswap.com/ec7b441b-4adc-49c7-bca2-7c589167d1f3,Nyano #9335
mxjmjBOOJUM,https://images.nanswap.com/2364a4dc-1c24-4725-9f1a-3e0e64ec0966,Nyano #9336
v2dCuR8oJpE,https://images.nanswap.com/d69e3ded-b4bf-4f10-9a49-c0a4c3846694,Nyano #9337
6fa3gPRK3Gu,https://images.nanswap.com/4df44c62-48bf-4d3a-9653-ab750b155917,Nyano #9338
FICr25pIg9o,https://images.nanswap.com/42b792be-f7aa-4c3f-abad-4e66de261931,Nyano #9339
XdlStmpArjU,https://images.nanswap.com/5a8db441-48a5-446b-96f0-50388aec6eaa,Nyano #9340
6yA0zhcGoKg,https://images.nanswap.com/aa000905-959c-4fd9-a765-4ee9db13ec9d,Nyano #9341
LCImgebh1MG,https://images.nanswap.com/cc21fa88-f94b-4df6-b239-7212c43ed7b2,Nyano #9342
tg8rPrWYK8f,https://images.nanswap.com/b530a4fe-a4af-4aae-858d-b3ca52fc12a1,Nyano #9343
Y4FL5Z8ERBw,https://images.nanswap.com/87979018-4ba9-4cae-857a-54c0165c4c11,Nyano #9344
hxUbp7b9eiQ,https://images.nanswap.com/40ffb5bf-f9eb-46bd-bf58-41606e5eec96,Nyano #9345
kcQYmA8nJxO,https://images.nanswap.com/e0d3e167-649c-4b73-9a15-f604d2bb04f3,Nyano #9346
4m5U8CMpSYr,https://images.nanswap.com/e3a3296f-41a5-421f-9335-82ee380bc75e,Nyano #9347
Ics7dmB5FFv,https://images.nanswap.com/1bd5cf7c-7a3f-4232-9dd2-9b7ca4394ab6,Nyano #9348
IxrlJXng3kW,https://images.nanswap.com/1e974090-f16d-4267-8b5d-7607c5183f10,Nyano #9349
Cz5WmIKsSLW,https://images.nanswap.com/e1b3b42f-ea22-487c-86b6-d51ac14b1888,Nyano #9350
d8eFZzSuXKJ,https://images.nanswap.com/330eab5f-6276-441d-b156-e754af7375b0,Nyano #9351
Of9t95qqmac,https://images.nanswap.com/614e6b6c-6a0f-43b4-bfaf-194cd7aa8fa3,Nyano #9352
kyZQXWvCWkA,https://images.nanswap.com/c5fba6f7-cce6-4324-9ce1-9fd49ddd10c3,Nyano #9353
Nr3NIBTIEqc,https://images.nanswap.com/77b9ad4e-9e7e-4d8a-ae88-6320de2cc1ae,Nyano #9354
nVCWFjs0l1H,https://images.nanswap.com/1a00dbbb-299a-40d4-a1d2-211eccb29623,Nyano #9355
rjpBHXeDxdq,https://images.nanswap.com/a29779d1-973e-40b6-8dff-c62ce11fe230,Nyano #9356
2ZKqvyZTcrE,https://images.nanswap.com/0ef76be5-2a4c-4fbf-a8cf-fb52cf0cda7d,Nyano #9357
iE2gqCkOuM9,https://images.nanswap.com/35044eb2-0e24-447a-9e0f-b5d51250a52f,Nyano #9358
XpHCOTlNWoF,https://images.nanswap.com/e4a6d4fa-a37f-48df-933d-5de77e873e25,Nyano #9359
yLFGXind8br,https://images.nanswap.com/3344cd93-6fbd-4046-a4a4-5e87e15fab3b,Nyano #9360
Lj0TOkq8ZUv,https://images.nanswap.com/b7fec961-851c-45f8-8612-70f11ede008e,Nyano #9361
cZPoJcV4cl7,https://images.nanswap.com/896f979f-14d7-446d-b718-707be4e1dc73,Nyano #9362
eocuMw19MiD,https://images.nanswap.com/4acd2948-2adb-45c9-95b1-44e7c417ee21,Nyano #9363
4oBrVQ0jp3H,https://images.nanswap.com/c9079079-68cf-4028-bac4-65a8a49cda9a,Nyano #9364
VpKcNGXLcjG,https://images.nanswap.com/c531a9d5-4f39-413a-90ce-837a7226ed2f,Nyano #9365
AQAHnehHvW4,https://images.nanswap.com/92c6669b-2b48-4ab8-a9b9-76bf2e89a6b7,Nyano #9366
QDXXeXaGxus,https://images.nanswap.com/1554b8a2-2575-46b3-9048-71bf78796a49,Nyano #9367
eknjOLRRZm8,https://images.nanswap.com/14140c5f-7855-4446-ba1a-2b1af074adfb,Nyano #9368
KwmiQoH7e43,https://images.nanswap.com/635d922d-84c4-43fe-9573-a4fcf1b31d66,Nyano #9369
xOyfYD3Hga9,https://images.nanswap.com/2776d29a-58f7-4cf1-942d-766468ff6fdf,Nyano #9370
k6pZ2HMTmK7,https://images.nanswap.com/1a836f98-c76f-4d67-bc79-6ae7109a1524,Nyano #9371
oEinQ2d9a4v,https://images.nanswap.com/0ae04543-5b1c-439b-8e3a-e5d5805533b7,Nyano #9372
rhWGr9OA9SH,https://images.nanswap.com/82474a15-d400-4f72-98ed-94c999e30b4c,Nyano #9373
eCguIOkZCYl,https://images.nanswap.com/372f3b82-557f-414a-b53d-cd2ec3eefb9e,Nyano #9374
utZ9lZRROS8,https://images.nanswap.com/59e0b030-6ae6-4e10-bfa4-c34dcc5e6ec8,Nyano #9375
Rh9L2AFsMTO,https://images.nanswap.com/889905be-9e6d-4c5c-ad98-cb548ae022a4,Nyano #9376
GhqwOxmievl,https://images.nanswap.com/3b74fd46-0932-4ddc-a837-2d49efcbbafc,Nyano #9377
1gbMryq9rLR,https://images.nanswap.com/f9eafabf-3ca6-4894-8789-50729ecddd0f,Nyano #9378
fYP8dehE31l,https://images.nanswap.com/73b1a6b3-1075-481c-a5f1-9efd86682248,Nyano #9379
MCrECsshH7q,https://images.nanswap.com/1b81b3e0-2985-4e13-9fa5-c6ebd597b2dd,Nyano #9380
6loUuJMHk8B,https://images.nanswap.com/9a97dc5e-e610-44f2-9753-a289595dff9b,Nyano #9381
htv19fhXV2L,https://images.nanswap.com/b9a28ef6-8531-4e4f-a079-5b6727995aeb,Nyano #9382
GqajygYZO8M,https://images.nanswap.com/ba3748b4-d575-4bc3-a901-2f656d71375c,Nyano #9383
JgMIGYBGgxN,https://images.nanswap.com/047745cd-aa81-408a-808d-78aac9cae2ec,Nyano #9384
IwmtxGcg0TO,https://images.nanswap.com/704ed5eb-218b-4189-8a0d-d8d808a18a60,Nyano #9385
uzTLOGdxVxu,https://images.nanswap.com/ac5ff56a-4a53-4f46-9bb3-c4b3af9d46db,Nyano #9386
SSc4ir2cKyx,https://images.nanswap.com/0684d1d3-5023-4366-91dd-bcf177c68597,Nyano #9387
jp0IU3oI8fE,https://images.nanswap.com/d23eeead-ca5d-49da-ad64-2bbe33249a37,Nyano #9388
eV4DyFbUo44,https://images.nanswap.com/5fe5b637-1fdb-4aff-8bc8-0d6b4e8691ab,Nyano #9389
tqEJU8OaEQj,https://images.nanswap.com/1906639c-994c-43a4-a641-6f21a4996b30,Nyano #9390
lpkgLbKhY1R,https://images.nanswap.com/2f0725ef-6ea4-43ad-acde-bd0d94e3cce6,Nyano #9391
qeTwvylXqpK,https://images.nanswap.com/557368f2-79ab-4183-ac57-158618111673,Nyano #9392
PC4W1kotBHA,https://images.nanswap.com/7d5c8c01-bb1e-466b-afe2-f30c714aa460,Nyano #9393
Mlxv3Qe3zFe,https://images.nanswap.com/f447d4cc-d688-4f13-9805-64b68b44c570,Nyano #9394
zgCYHAbikJ4,https://images.nanswap.com/65652d8a-a527-42c2-b21f-b544630dacfd,Nyano #9395
JD3GOq43bOO,https://images.nanswap.com/d086e5b0-c98e-4e26-b091-bd8bd22fa93a,Nyano #9396
BTJe2Dv8Eae,https://images.nanswap.com/210c7604-765c-4d60-8a90-bf07f3d0b842,Nyano #9397
kh690VAQjth,https://images.nanswap.com/92f12ae2-6508-418f-a435-10fb49b6e79f,Nyano #9398
xY2TGcGWmRf,https://images.nanswap.com/5d69b5df-df4b-453a-8b17-63abb0d8ae7e,Nyano #9399
SFz5hFbtLsG,https://images.nanswap.com/d7c5fc4b-8ea5-4c4f-9bb8-6094ae054edf,Nyano #9400
L5mQa287NB0,https://images.nanswap.com/072f08ab-efb9-4385-9a59-6fd2e72fbc3e,Nyano #9401
drt0LoFgMLb,https://images.nanswap.com/265941b5-4458-4355-b776-5e63a868ebf9,Nyano #9402
xMCVrZPA6cz,https://images.nanswap.com/7b7ff270-4364-4560-8538-d11e5f9c2be7,Nyano #9403
Ai5XOZmBBfA,https://images.nanswap.com/5a8a3983-743d-40a5-84c7-77a03fd02e84,Nyano #9404
vcadWPo2yAe,https://images.nanswap.com/486701c3-f363-4237-82db-90915b34b685,Nyano #9405
xQ2MQYAvzdp,https://images.nanswap.com/c9136041-9315-4f34-a826-e107d75a1748,Nyano #9406
Ps8RN8ksLb3,https://images.nanswap.com/4566208b-69d5-4c92-854f-a7e2c4e0d52f,Nyano #9407
pPJbZQW8hl4,https://images.nanswap.com/1852729e-de01-44ad-9ebd-d6c54eb9bd7b,Nyano #9408
7TEaGqEm61S,https://images.nanswap.com/56f0845b-3c90-41d3-ab14-50294eecab01,Nyano #9409
4j23wBVlnQs,https://images.nanswap.com/bcc59b8d-222d-41f9-9582-e8c75eb77d4e,Nyano #9410
pR8hipgLnLf,https://images.nanswap.com/dc649db3-6e7e-4517-83bc-0e8219f24666,Nyano #9411
cH10GFSl5zx,https://images.nanswap.com/9a5dd5b7-75c8-4c4c-bb61-120f38a4c88b,Nyano #9412
1nEgzU0XcwU,https://images.nanswap.com/3d7c8d92-8913-490b-891b-4e629684f208,Nyano #9413
6uQo8YpBK9k,https://images.nanswap.com/e8198be6-ec1a-4fd2-97a2-8917605202a2,Nyano #9414
zw6L3dMJHCQ,https://images.nanswap.com/d97e4e82-c5fe-459f-9fe8-fd4180e466f1,Nyano #9415
7btE5bqG6Qd,https://images.nanswap.com/0ecb8811-038f-4ada-a492-035226c9a8bc,Nyano #9416
l2AW1Odo6vS,https://images.nanswap.com/f2bc08c2-02b9-406a-b6a5-a85e5e165aad,Nyano #9417
bhlJ41zP1U8,https://images.nanswap.com/6999d5e4-1e91-47a7-91c7-399874f0b408,Nyano #9418
PpR6vPmmNLg,https://images.nanswap.com/1482a525-0558-4a9b-a0ee-7b01ea5a769a,Nyano #9419
DUOnXG9Nq7P,https://images.nanswap.com/2247390b-7d7d-4864-ab9d-76077d336dba,Nyano #9420
2Meizzlce6c,https://images.nanswap.com/b2f27fd4-8795-48b8-89f6-c6b082cbb9aa,Nyano #9421
OoW556sJAbA,https://images.nanswap.com/f24d1841-90fa-4e69-bfb2-a7eac46be5f2,Nyano #9422
9LrIx62DwTV,https://images.nanswap.com/f8838ab5-6ad7-4fd6-a88d-e6b832ff693c,Nyano #9423
tT1RM29EEBz,https://images.nanswap.com/7c0ca141-f1ba-46c2-a3fd-8fb7c1b440b5,Nyano #9424
nhJBr6vxuTN,https://images.nanswap.com/17c4168e-f09a-4476-b87c-77040c3a05e6,Nyano #9425
GYogTsiLLEO,https://images.nanswap.com/ae422f21-02a6-460c-96f0-be5b447cc8bb,Nyano #9426
4tJZ6hzciHU,https://images.nanswap.com/150c9a33-094c-4c0a-be31-cec12ce77be5,Nyano #9427
GvXIbkdTdjM,https://images.nanswap.com/f82b0d2f-9b33-45d3-82c6-6ef6e06d507e,Nyano #9428
7Mzepcfdd5B,https://images.nanswap.com/733ef888-d10e-469b-b8b4-6d37ce49141f,Nyano #9429
HRGeCNqB3nI,https://images.nanswap.com/f6daacdc-dad2-4878-ae9f-16a26c17a2cb,Nyano #9430
q2yXRkJnHVq,https://images.nanswap.com/104536dd-d180-4521-9c5e-e17ac790d2f8,Nyano #9431
o14aiz8MLhQ,https://images.nanswap.com/f66adfc3-a24a-47f0-afdd-e47c86c83116,Nyano #9432
M6NxfJFbROH,https://images.nanswap.com/1328f2e6-a273-41eb-91ac-82178eaa33fa,Nyano #9433
05vj6TEqw1C,https://images.nanswap.com/8f9c26c6-16a3-4629-88be-732cec20df36,Nyano #9434
RgcYEdunCD0,https://images.nanswap.com/7770bb15-6251-4530-9e9b-4e0a25d13752,Nyano #9435
6JLl2jAkCWQ,https://images.nanswap.com/0a578345-17ee-4505-ac07-6d4de6ecd517,Nyano #9436
n7VIMIKzbGZ,https://images.nanswap.com/98487941-89d8-409f-a102-f74262088222,Nyano #9437
0jaiOUwCCnd,https://images.nanswap.com/cedc9cd6-b40b-4100-b854-eacf2b78258a,Nyano #9438
jbJwbr9SjcI,https://images.nanswap.com/54ffc39d-190a-4025-8dbf-cf02718cf716,Nyano #9439
NGMwt0QPb09,https://images.nanswap.com/f679c21e-4680-426c-94e8-21cd5ef50989,Nyano #9440
IsyxIK9MzAM,https://images.nanswap.com/9f45e32b-c3d7-4025-93af-b4144833b9f7,Nyano #9441
WLQqoeVr5iY,https://images.nanswap.com/07143638-e8e7-4eeb-8847-da0a4c13d1cc,Nyano #9442
k8SxdfR2p72,https://images.nanswap.com/6c8ae2fc-7914-4090-89c5-b37c52fc54de,Nyano #9443
zd9Gq53DvHZ,https://images.nanswap.com/5c87c066-b7d1-48c5-99e0-13da5d8dc2a8,Nyano #9444
coyM6h5kmx2,https://images.nanswap.com/0f956c26-552f-464a-b6bf-3f52c1c8b285,Nyano #9445
R585ICkAWae,https://images.nanswap.com/47b81fb0-5bc0-4565-b11b-680e8a85a642,Nyano #9446
omFFvGcheBy,https://images.nanswap.com/a18db75b-89c7-4a7a-a8a7-614351dea200,Nyano #9447
F5gHV5KuUkM,https://images.nanswap.com/3d09ca53-cab1-4c45-8891-cb2e8f1d3154,Nyano #9448
U41LCg6eA5o,https://images.nanswap.com/439281d9-05b5-41bd-9f56-c3fd91199019,Nyano #9449
gE1cu0g9n27,https://images.nanswap.com/0cec12df-e255-4b82-8b14-d40b76720cac,Nyano #9450
F6NKXkCD8eQ,https://images.nanswap.com/bf4e0865-043f-4f03-9643-8fda4fa569bb,Nyano #9451
Pt3W2QQrqdo,https://images.nanswap.com/44de2fae-5caf-4ab8-89db-1b9634cb4a37,Nyano #9452
xkdgrLzUOdW,https://images.nanswap.com/3dea507b-6a1e-4cec-b39e-496e0fdc3660,Nyano #9453
XSRMPqQDnbK,https://images.nanswap.com/f8635dd2-8f0e-4704-927a-5898ffae2e30,Nyano #9454
kq5ZZqZA7As,https://images.nanswap.com/9a1781f3-fad1-4d26-bd37-c96337a71411,Nyano #9455
xB6HJkne2Rt,https://images.nanswap.com/fcf626d7-90b6-4cc9-b83b-68ea9de1f0d0,Nyano #9456
Xm7x7EFwGav,https://images.nanswap.com/af240d7f-4ba0-405e-9048-ed4250647965,Nyano #9457
5qKVh8V1ejV,https://images.nanswap.com/5fd1562d-506d-4643-99f9-e987de97610a,Nyano #9458
1txcXm7H8bt,https://images.nanswap.com/843e5755-a662-4be6-bbc7-44346d604a06,Nyano #9459
cSJS9qyDfjE,https://images.nanswap.com/fea09489-bad6-4406-880e-04e1d6e5f48e,Nyano #9460
1zxthJ3lDyv,https://images.nanswap.com/6b24f11d-e391-4de6-9efa-146d32642b7e,Nyano #9461
SSN5vOj0epY,https://images.nanswap.com/4630900a-8063-4662-9046-ed5f8f0ef972,Nyano #9462
l8fC5B5LLLx,https://images.nanswap.com/7f22107b-ae8e-410e-8cd0-4fc18fd611ca,Nyano #9463
VaO97MctZ4e,https://images.nanswap.com/e80d0c83-5670-47d0-be5e-5b2a0425398f,Nyano #9464
JCXTZ6DNOLe,https://images.nanswap.com/2252b44b-6290-468d-93e6-c0d3fac15114,Nyano #9465
ZX93PWje4UG,https://images.nanswap.com/d563f1f4-b75b-4e5b-bf95-05afeaed4b73,Nyano #9466
3RwCWtByZ54,https://images.nanswap.com/b9d19963-9478-4ebe-a54e-4582bc98b279,Nyano #9467
Jxer6OtsLya,https://images.nanswap.com/abde44b5-aa66-4bf6-bb1d-8b37f8c81318,Nyano #9468
VyIb8Zvxg7e,https://images.nanswap.com/fddfe305-baa6-41cb-9ad0-83ea303b7982,Nyano #9469
fLbvSJi1D7w,https://images.nanswap.com/1fa757c5-dbc5-485c-8fa7-8c81f968e67f,Nyano #9470
0Jm4s2mUQhU,https://images.nanswap.com/668c46a7-12ae-40c5-883b-c19275ef6859,Nyano #9471
MP3vue9ItnO,https://images.nanswap.com/87aa51de-07b5-4949-8f3f-0ec34239b93b,Nyano #9472
PxK4egt0baP,https://images.nanswap.com/dd87485e-a281-4a76-8d05-4064a6c501f0,Nyano #9473
25SgAwCMYd8,https://images.nanswap.com/2d7b9abe-dfcf-417f-9f82-e77c5c3e32e2,Nyano #9474
GZodd5d9DpW,https://images.nanswap.com/ab22a496-0de9-4545-8e12-ad9c0bcffb09,Nyano #9475
XD84JwAlDoL,https://images.nanswap.com/6a45bef2-2c00-4b1e-b655-12ff009b04d5,Nyano #9476
1bzeYf0G5ag,https://images.nanswap.com/0da7c636-d53b-4475-8138-94f8a3267026,Nyano #9477
xs67HozehfY,https://images.nanswap.com/4c20c6c5-6caa-466c-b999-071e326fcc77,Nyano #9478
vRP8CrcFDHz,https://images.nanswap.com/46c28cac-241f-4c29-98a1-a59e5007c1a3,Nyano #9479
pwP4m6wxYRH,https://images.nanswap.com/b3da5248-f0f7-4c0a-bf2c-e17bda0ed5ea,Nyano #9480
MiPFh28BGiH,https://images.nanswap.com/3212b2cf-f136-40a4-a365-f33ac18d3916,Nyano #9481
QmvnoV36ivM,https://images.nanswap.com/e290e878-a910-4535-a5dd-c07911f2e20c,Nyano #9482
VufE3sAZLnP,https://images.nanswap.com/5792c424-0bd4-414b-8d3c-9a840b9b36ea,Nyano #9483
Ypodw1VCJBV,https://images.nanswap.com/e8a3646c-d44c-4f73-93f3-7ef40b3d9259,Nyano #9484
EeyegoYAy0j,https://images.nanswap.com/3e706661-f62a-4c38-8360-98cb2919f50b,Nyano #9485
cUWfR74MV7c,https://images.nanswap.com/f8d15a88-0b08-4e10-9545-8de9a07409fc,Nyano #9486
pwiornPYMqR,https://images.nanswap.com/78f59163-25ab-4f3e-ac7c-07ac39c301be,Nyano #9487
wmdOvYxodDe,https://images.nanswap.com/ba9ba707-4dc8-45a6-973d-9974825cc925,Nyano #9488
lT2PIQJoQZL,https://images.nanswap.com/82994b5d-ea22-4aec-99c8-a46059cd9814,Nyano #9489
vcTm2yN6ywH,https://images.nanswap.com/b76c94cd-01f2-448b-a797-1dfe5f382053,Nyano #9490
uxy074BqPMi,https://images.nanswap.com/7ac0accd-1d43-4e11-ac37-504a439206cc,Nyano #9491
1ogTl9a4z0t,https://images.nanswap.com/b5d1f4f6-bd15-4972-ac72-4e15d8142161,Nyano #9492
dkFmhghVjXz,https://images.nanswap.com/64602ce2-75f4-4875-b23a-498d000922e9,Nyano #9493
2ILIeUv07eO,https://images.nanswap.com/bb2fa8bc-fe12-4420-8189-b0c15596c25f,Nyano #9494
wV4bSc578JB,https://images.nanswap.com/b441955a-9ce1-4d77-8703-a1b1377da221,Nyano #9495
k4HpFBgY2Nf,https://images.nanswap.com/5be27626-f5f3-4cf5-8a09-ad9487e23924,Nyano #9496
drRW9TeCOld,https://images.nanswap.com/c2683953-7ac0-4b4f-8ab1-6e64af9f232c,Nyano #9497
SIziwUYst0o,https://images.nanswap.com/caf404f7-f381-4722-88a1-40fe4557d29d,Nyano #9498
laXccbCwmAG,https://images.nanswap.com/2ca541cb-735a-4bec-bb59-abdcc01caeed,Nyano #9499
tLBzN2f1nyK,https://images.nanswap.com/32574a64-328a-4dff-89c3-3134ad28f858,Nyano #9500
yUzT6yC90BV,https://images.nanswap.com/c6c5ff15-e6a5-40a2-a918-acb8de1d9027,Nyano #9501
xbZiCmhWxw5,https://images.nanswap.com/51826819-eca4-4cb9-bb47-9b8caf9e748b,Nyano #9502
ju9g0SbXAET,https://images.nanswap.com/4c60fdf5-8d75-4ccf-b343-2c075da89f4d,Nyano #9503
1tZszucJVCE,https://images.nanswap.com/7b8e0541-5dbe-4b81-ab9c-932df9d92607,Nyano #9504
7aKulcBRknv,https://images.nanswap.com/8956c737-4e3b-4643-a7d3-68ec7227dd7c,Nyano #9505
h0NS9mzZqSL,https://images.nanswap.com/f7dc373b-762b-4cf9-8a49-27d9606a4215,Nyano #9506
2rishbSaQYw,https://images.nanswap.com/f87d7e7f-6149-4a00-bf31-f1efb9e2afde,Nyano #9507
bK514qWhhVK,https://images.nanswap.com/4ae9f8bf-f641-4ae2-9b17-f54da10d33d9,Nyano #9508
ptKPzrPFeqx,https://images.nanswap.com/d07bb763-63ee-4ef4-8d16-6c4f686b2d01,Nyano #9509
KLxMokrXLsj,https://images.nanswap.com/23242d18-e7d0-4163-a55d-ca474b9bfa5c,Nyano #9510
tnEHDSK2lXM,https://images.nanswap.com/c2310d98-b44c-4995-a7de-5994bb3ee86c,Nyano #9511
FFWp614vKRO,https://images.nanswap.com/8896f92c-cb3c-41ba-ba6f-4872ea686164,Nyano #9512
Gsf26X3A8aV,https://images.nanswap.com/1c6a20d4-9e1a-49c0-b1a7-21aa6d059818,Nyano #9513
2aSbFLdIU8s,https://images.nanswap.com/becbe598-89ca-4d6c-93f4-7e6d264e6c75,Nyano #9514
A29tbQVT328,https://images.nanswap.com/e6a3e771-be0e-4c14-b989-205784f54ffb,Nyano #9515
PoBkG2CTdZg,https://images.nanswap.com/2bd59b8c-1369-4093-a81a-aa516d635952,Nyano #9516
QUXYV5dJzvw,https://images.nanswap.com/bdc703da-b819-491a-89a8-68b9950038d8,Nyano #9517
tlNtucDT7DO,https://images.nanswap.com/a9e5ff24-b489-4d0c-99b2-9bfb2e500eb6,Nyano #9518
7FPZzAsFvV8,https://images.nanswap.com/de0109a8-3c1e-46dd-bd3a-a49defdbf887,Nyano #9519
LTvYRj7agXJ,https://images.nanswap.com/6e81e442-d6b9-4420-98da-41dae83336da,Nyano #9520
Nb1byV29u4V,https://images.nanswap.com/fe930e8c-c39d-4bcd-ad42-33e4531e92b7,Nyano #9521
XxHxGLXWbKl,https://images.nanswap.com/c2220d4e-908b-4103-8cf2-981fa860a6bc,Nyano #9522
VyPL6Ou6gO4,https://images.nanswap.com/9540e8e1-d5c8-445c-a430-301fb4146545,Nyano #9523
szIt0BzmnKv,https://images.nanswap.com/cc82fc88-398d-4145-941a-b4f5f7b04b07,Nyano #9524
STWvF0igL8Y,https://images.nanswap.com/65423566-1d92-42c9-9347-5ad716a988fb,Nyano #9525
yeuJ7NCG1uz,https://images.nanswap.com/5750c6b2-005c-4507-ba67-8f04db52c62b,Nyano #9526
kxWCVccSAIm,https://images.nanswap.com/ad34d84c-4c5e-4caf-9f5b-72ac7632d004,Nyano #9527
BQ00l702pSO,https://images.nanswap.com/42fc4bdc-d896-4581-a1c4-8ada80be80bb,Nyano #9528
AUqgPoYWQ6I,https://images.nanswap.com/8290548f-198b-4593-9fe1-19d5c00d175f,Nyano #9529
iNsUwKFyGFB,https://images.nanswap.com/07c4984c-06bf-4e97-ae7c-91dcf2bb95cb,Nyano #9530
hboJa0HhBfy,https://images.nanswap.com/854cd52a-c94c-4d35-b61d-1176a0a8962f,Nyano #9531
CMS7EOipmzO,https://images.nanswap.com/9ff991d8-adf3-4fc9-8c42-b1c822fb0d45,Nyano #9532
We8hA3O6E3R,https://images.nanswap.com/cf48be2f-475d-454f-a0c0-1b501ab4d43c,Nyano #9533
ktZ49ClIyIx,https://images.nanswap.com/59442e34-6bfa-4d89-8698-9c857d1cda59,Nyano #9534
gvj8AV5slsg,https://images.nanswap.com/87904153-2962-40f9-ad6b-fc58b2002150,Nyano #9535
7bsMUilzCK8,https://images.nanswap.com/cfd7eac7-d6bd-4533-a1fb-5d42d023b3a3,Nyano #9536
QjJCGGBCrUl,https://images.nanswap.com/900b1b36-bf75-45c3-89f3-f1aa4b5da375,Nyano #9537
fePN4QC5fyT,https://images.nanswap.com/a1ca067a-9b36-404e-9b5a-b69020168aac,Nyano #9538
Gei18CqNC9h,https://images.nanswap.com/2b585a44-deaa-401b-8d8e-804fcde87223,Nyano #9539
2x3QRmGyc7N,https://images.nanswap.com/82a6fef6-abb0-4ba7-a808-2c7f18432556,Nyano #9540
gRL1Cvg41sV,https://images.nanswap.com/57f9d0f0-1604-47ad-aefe-2d549c27dd6f,Nyano #9541
w3PIqTKbpVA,https://images.nanswap.com/ec2cd6ae-fc5b-421a-a750-096c77239d96,Nyano #9542
NUledLCPqSb,https://images.nanswap.com/f0ff4244-5d96-4857-bbcb-c48673366154,Nyano #9543
1TgZPDsyiCd,https://images.nanswap.com/b52beb93-0bce-4b27-8d6d-878ffd10efb2,Nyano #9544
GMZQjtnevc1,https://images.nanswap.com/911feab7-825e-4f08-9a0f-9e642dcfeb31,Nyano #9545
Kmj1xdyezk8,https://images.nanswap.com/e99025fe-b2ee-451a-9351-d7c5d8bd8889,Nyano #9546
FZKm3GQNPfk,https://images.nanswap.com/c753d12c-fb0d-446f-a326-520b0b290592,Nyano #9547
zPitSYcd5Qe,https://images.nanswap.com/1be9dc79-129c-4167-96d3-08e41f3d000a,Nyano #9548
S1M66cpWE9k,https://images.nanswap.com/9aac0ee7-8706-44f5-9119-86177d0674c5,Nyano #9549
LuwmGB40An1,https://images.nanswap.com/ea4f60e9-89f4-4305-924b-63869bcee727,Nyano #9550
V8ojFBOmzOA,https://images.nanswap.com/159f10e8-7224-45fb-bfc0-9831d1cf69e3,Nyano #9551
Al7cMb2WLDb,https://images.nanswap.com/f7bdd46c-cf2f-4b9d-ac19-8a8054074d45,Nyano #9552
J7ednoHZ1yY,https://images.nanswap.com/3bca374f-3098-463e-91d9-55d29e03fbda,Nyano #9553
2hP53kM5E05,https://images.nanswap.com/b6d57c5b-91df-4c4b-ba24-f4d1ee6663ca,Nyano #9554
n58htKyG1jt,https://images.nanswap.com/2e707e96-8d50-4e54-9fcb-eb44f8284c35,Nyano #9555
DifERJLbDg2,https://images.nanswap.com/0dbe860e-c877-476b-b651-2d57ddd1d136,Nyano #9556
TBNYU7QABv7,https://images.nanswap.com/ba922c7e-a094-4eaa-9af8-e93778e1f82c,Nyano #9557
HwZlk8LXnPF,https://images.nanswap.com/6614161d-5361-44c8-8101-e9750ca0b085,Nyano #9558
IXL3TFAh6is,https://images.nanswap.com/22906087-8e7a-4a64-bbd5-1beb8cc99e43,Nyano #9559
RO4xNeuDwf1,https://images.nanswap.com/c2433742-3a69-42bf-ae53-faf28bf0f9fc,Nyano #9560
FJSIWaqxDa0,https://images.nanswap.com/905d417e-c26b-49ed-9637-5c0052b3aad2,Nyano #9561
PpMPKr9igHx,https://images.nanswap.com/f7f6174c-6cb6-4b7e-b70b-51024bb5a8b6,Nyano #9562
WjjLrBQnxna,https://images.nanswap.com/c6779a3e-3783-4f98-943b-a5f0c94034ad,Nyano #9563
8oechZ3gL4p,https://images.nanswap.com/a9c2baf5-15ad-4bc7-b92d-7883f2f3c3fa,Nyano #9564
bEMfYD15rCp,https://images.nanswap.com/9e2b6ff4-efdc-477a-8f63-a8cdca39be40,Nyano #9565
G90cR9WDQXh,https://images.nanswap.com/166e6948-d09a-49eb-9bb0-6c6d4ae902fb,Nyano #9566
odm8qVsoHDj,https://images.nanswap.com/6c3d1f24-519a-407c-9fa6-f4f4709a7d77,Nyano #9567
CpXScE7FV1B,https://images.nanswap.com/8530d7e0-7dc8-41ea-b527-14eee1cc6616,Nyano #9568
uWbXNo8kKLU,https://images.nanswap.com/9f4fa5ed-cd9d-40d3-99d1-aff0c5a0af46,Nyano #9569
38S01iDl08A,https://images.nanswap.com/9f1d94f9-8c98-44f0-90bb-0ea553aa5eaf,Nyano #9570
B3mXL35wVbG,https://images.nanswap.com/bf0c8cdc-5439-4077-917f-af97df751bff,Nyano #9571
Jwm48XzV6H2,https://images.nanswap.com/dfdaa7d3-fc0c-4f15-a8bb-9b1f1fe0139a,Nyano #9572
VetAMG2eMqh,https://images.nanswap.com/19cdbb21-aa67-4060-8c1f-f282bb32db36,Nyano #9573
GpJTRGGkolv,https://images.nanswap.com/95badeaa-6c40-44d5-a6a4-a6f8db6a7d7c,Nyano #9574
MuILa5rAW7l,https://images.nanswap.com/99c68661-f9d7-486b-b74e-f6cd75a6377e,Nyano #9575
bXNANPRqEBj,https://images.nanswap.com/6bd446a6-8f5d-4528-8bc8-e0e5976dd801,Nyano #9576
TYIjTWoKCCc,https://images.nanswap.com/1283bfde-0d35-40d1-80f3-044652016799,Nyano #9577
DrcxRNzWNeh,https://images.nanswap.com/738c62c2-c59b-47f0-bda2-3b44ceca75f6,Nyano #9578
SeacUToO9wq,https://images.nanswap.com/96bdf2cd-6425-4b17-8d43-8c888b0e81fd,Nyano #9579
dPCz2PT7OTW,https://images.nanswap.com/0a3f8eb2-69d2-4bd9-951d-6d5afdb7fde8,Nyano #9580
pRYt2jYvsfr,https://images.nanswap.com/fa2d6302-9517-4204-bf25-1000dd47b5f5,Nyano #9581
Fj69mHR9ly5,https://images.nanswap.com/d3abd03a-070a-46f6-a32a-ab10c2352cd7,Nyano #9582
K6jBNlXbkot,https://images.nanswap.com/9e74875f-f79d-478b-8de5-6785b4e4443e,Nyano #9583
oTVh1ZYyThR,https://images.nanswap.com/9cd5fe35-a17c-414e-adfb-530adc816628,Nyano #9584
wkWq2TiUm4a,https://images.nanswap.com/e4403f3b-1614-4511-92c9-1365ce2c7cc8,Nyano #9585
q10yj6uZlkj,https://images.nanswap.com/66da69c0-465b-4f07-be26-7f1408e854bc,Nyano #9586
WXijWuLDTJX,https://images.nanswap.com/510d73fd-cdc0-4ac6-86dc-61ce8931c514,Nyano #9587
dkU0ebQx7j4,https://images.nanswap.com/8b86ad6d-23b5-4d01-97c3-e35b0c5f2ca9,Nyano #9588
SsH5e8vZhMw,https://images.nanswap.com/18c9df0f-a8b9-4cc5-b1af-e96705a144aa,Nyano #9589
9LZKQacwKnj,https://images.nanswap.com/09d284d5-cbb7-4244-ae27-e5319f91a3af,Nyano #9590
T1HSevmXSAV,https://images.nanswap.com/3ce750b0-0db3-4a2f-a7b0-46645a4505c5,Nyano #9591
8OKsSR3S2YJ,https://images.nanswap.com/877e4fe1-4bb5-48f6-b84e-fcbd4ef4d72d,Nyano #9592
voR0u6Z1eoV,https://images.nanswap.com/a4579686-cd9f-4c1c-b5dc-2054ce705854,Nyano #9593
coODpnMufRr,https://images.nanswap.com/fa1cdf8c-057f-41c4-8c2c-9b51b417824c,Nyano #9594
Iid5p4nDPTA,https://images.nanswap.com/7ff68775-60ad-44b1-a87e-31a2567f3d58,Nyano #9595
QVUQFphM12u,https://images.nanswap.com/8121588b-8c49-48ca-ba60-fcd462bb78ca,Nyano #9596
zubhf51hNAn,https://images.nanswap.com/d9de95d4-cb9e-4c83-900e-af6730009dc4,Nyano #9597
GXhUqYn4IEt,https://images.nanswap.com/35d74e15-908a-4dcd-8d3d-9ffaf2db7635,Nyano #9598
CN3ND0m6CuD,https://images.nanswap.com/9b9b4422-b231-4476-9d76-530735dafe67,Nyano #9599
mgme5QWKIWT,https://images.nanswap.com/c9d4d607-bff8-47bf-b39e-4d289241d954,Nyano #9600
Ulorr5d3s4J,https://images.nanswap.com/c24d04f7-ec00-4253-95aa-33cacd456c47,Nyano #9601
jJwxkybuCii,https://images.nanswap.com/d250cef1-21aa-49d0-b4de-a3788fc50f03,Nyano #9602
QQrtfrAEIiB,https://images.nanswap.com/b0e83b1c-9759-49e6-9eca-0233c094134e,Nyano #9603
2QtccqDAPpe,https://images.nanswap.com/f58f2b13-6e5b-499e-83dc-829065a7ee74,Nyano #9604
rfJOLojoEbD,https://images.nanswap.com/c172d203-6c65-4e71-aa3c-5020d2828de0,Nyano #9605
Nojpq7BtdV1,https://images.nanswap.com/7a4e08ac-524c-43ab-a7bd-73862cdf83c4,Nyano #9606
gJD6rcg0gex,https://images.nanswap.com/fcaaaf8b-a5d4-4909-922b-82707519bac3,Nyano #9607
xZnlqLGs6lF,https://images.nanswap.com/eb97cc72-9bcd-48d2-97f1-c2844ab721ef,Nyano #9608
u3N370u065k,https://images.nanswap.com/13fa9be8-cad8-47ac-9019-fd34ed10dbd5,Nyano #9609
dWdb9t5YvQv,https://images.nanswap.com/fe3f3aef-168a-4e7c-a805-d7b4ca3aacf6,Nyano #9610
CFjOtNaaJTw,https://images.nanswap.com/c06b26d4-52c2-482a-ae5e-60a7da056938,Nyano #9611
bELCfTQ05DM,https://images.nanswap.com/c3901e56-8b83-4537-8d56-ac08f9fc127e,Nyano #9612
vcrmeWc8XHA,https://images.nanswap.com/912a3aa8-21c4-4753-80b2-20fab20977ef,Nyano #9613
IV2uA14DaR1,https://images.nanswap.com/3fabd187-cf58-4286-bd4f-3db201c7a937,Nyano #9614
7LzxFb3RiJx,https://images.nanswap.com/c3e6333a-16c8-4693-8065-3281f9eb6ec5,Nyano #9615
4XWPw6uyeqe,https://images.nanswap.com/5313f7a0-c155-4380-8934-fe78d56c2634,Nyano #9616
H8DTBWJa8YF,https://images.nanswap.com/de749b1c-b30e-4f4e-9fd4-a30801da2f9b,Nyano #9617
1uoAfY9RPet,https://images.nanswap.com/a080b81a-c923-4ce9-afd4-adacff4f6438,Nyano #9618
89jswh7lm5k,https://images.nanswap.com/a59f2f93-ee9a-4b50-997b-ea6930c7769b,Nyano #9619
EABfLppYsjm,https://images.nanswap.com/bb7a1379-ad4e-4ab0-ab59-5ec137c96d58,Nyano #9620
B5shV2aXuwo,https://images.nanswap.com/7ddced58-0ea1-4c21-a3c7-f491aab419dd,Nyano #9621
FfKwu6zwQsk,https://images.nanswap.com/da475d5f-bcbd-42ae-93a6-95cdb9c68ff5,Nyano #9622
IcXDFdKQYxP,https://images.nanswap.com/903289a3-e980-4915-9a2f-11f3ecc6f939,Nyano #9623
g0wwTsYI1AK,https://images.nanswap.com/674b81e4-5b7a-4f12-9dcb-9a3b0988a498,Nyano #9624
j2bHLSFRNYa,https://images.nanswap.com/c961b8b7-894b-4676-a2a6-d99fbb83351b,Nyano #9625
wKUpwAa7hnG,https://images.nanswap.com/4a218011-63ee-4f8d-a227-d4160b488147,Nyano #9626
GSZxTazuTCD,https://images.nanswap.com/904d2570-a0ef-4078-a3c5-2889f22106d6,Nyano #9627
lBVYLC1aL0E,https://images.nanswap.com/2b73d09e-bcbf-411e-90e0-6c8b1aad95c3,Nyano #9628
xTrnbkt3XzF,https://images.nanswap.com/e87719db-1db1-47ab-a1c5-0e5084a9b48b,Nyano #9629
IvAFurM20J3,https://images.nanswap.com/c3d222f5-d7bb-4786-9478-228063b66aea,Nyano #9630
TsYW1yaH6fO,https://images.nanswap.com/b7dc095c-cd8f-473b-aea5-6336b149c64f,Nyano #9631
zEzANdfZalc,https://images.nanswap.com/e1e65a8d-d711-48e3-bb98-17c2de0519eb,Nyano #9632
CeR7DYuCwJa,https://images.nanswap.com/c10ac6fd-05be-4c18-8ac4-804695a1f210,Nyano #9633
HZJR4qXVcxI,https://images.nanswap.com/9edef6d2-e522-49dd-adc4-0b52e0edf3e2,Nyano #9634
KIq68scIvK1,https://images.nanswap.com/29425a8b-869f-4765-bb16-a96156999fd0,Nyano #9635
4R5CEy9TRBf,https://images.nanswap.com/cc053ba0-44b8-4326-83b1-4ceca239b733,Nyano #9636
TIvNpLqbunp,https://images.nanswap.com/239ebc1a-6e2c-4134-be82-0b43d035b46d,Nyano #9637
HBS4Ee2uSwV,https://images.nanswap.com/78b4c2cd-75d2-4fc1-8edb-1cb0d5803338,Nyano #9638
ewpW3LToPHU,https://images.nanswap.com/86559f27-6fa0-4314-8ab6-b7bbe8ce1c56,Nyano #9639
1HZsVM75oVq,https://images.nanswap.com/9fd91612-1a18-4b78-87e4-4721d7af82b4,Nyano #9640
EfF3KYPBItY,https://images.nanswap.com/334bcf13-5daf-4c8d-9b6a-d48ffb4a4d34,Nyano #9641
MJhXiZkvZEu,https://images.nanswap.com/98bd6abf-f27e-4bee-a888-44d9acb4ad4d,Nyano #9642
ybnowWHiL0j,https://images.nanswap.com/291f69d3-0e50-47c8-ae0c-140705e6ba85,Nyano #9643
Lu8ciJhlQet,https://images.nanswap.com/fc3d18b1-d5ab-4f85-abc0-908ea38eac5f,Nyano #9644
9y1ICztNBky,https://images.nanswap.com/166946cf-8c99-43b1-98c4-711d164e8f92,Nyano #9645
aiUcPYkdVtR,https://images.nanswap.com/bf1103bb-3c9d-4e55-887c-c97007534afb,Nyano #9646
3ReBLaJSfbt,https://images.nanswap.com/8722bf61-7e04-4c0b-b079-fdb0a9dd4a7f,Nyano #9647
2KpSolMbYdh,https://images.nanswap.com/04ecb353-3442-472e-9394-c0a8eef38125,Nyano #9648
aD6AlE0IYxI,https://images.nanswap.com/9e321c7e-bdd2-4916-a7c8-3c0a16cc4ee3,Nyano #9649
rVCcWOgPYWA,https://images.nanswap.com/040bb10b-2b4c-4533-8a1c-f5bd89fb371b,Nyano #9650
3ohVLoN9fwa,https://images.nanswap.com/3f167e3e-7566-4ad6-91eb-9264efeb1393,Nyano #9651
s17FR65XBfD,https://images.nanswap.com/d9ddc775-b483-437e-84d8-f22d4fcb0c25,Nyano #9652
SRLlxwjS977,https://images.nanswap.com/7b0a07ea-8ee8-455d-954b-d51311b07e3e,Nyano #9653
bMQl5lw1MHI,https://images.nanswap.com/9df59fb5-1d84-4d1c-9363-61e1976cff05,Nyano #9654
SMUbiaEBr26,https://images.nanswap.com/2bfb1861-5536-42f9-823d-7549b5e72dbd,Nyano #9655
ETDK6tiW7KI,https://images.nanswap.com/d590b744-c448-47d5-b347-fa352a638e8b,Nyano #9656
FRkjvJUzxYQ,https://images.nanswap.com/23389e37-2eb3-4eeb-bf68-ca992ef0f941,Nyano #9657
JlU1YLKUnRC,https://images.nanswap.com/353d2373-9018-4dfb-8dd8-7f2123ba05f0,Nyano #9658
5DC5N4TNeXX,https://images.nanswap.com/66695139-9fdc-4f14-9b8c-1d47e6e81ef3,Nyano #9659
9jFyFF0nJSZ,https://images.nanswap.com/f50921b3-3358-4b7f-b82d-96d5373e1a90,Nyano #9660
8Wd9GC6EkwO,https://images.nanswap.com/b74fa419-4d2f-4ce4-b76d-ec5e11500a3a,Nyano #9661
3dsaBtQlWiL,https://images.nanswap.com/54891bc3-519b-4085-b1bf-1bddae090145,Nyano #9662
zM0pWGo34rk,https://images.nanswap.com/b4ecf286-3b37-48fa-a9d7-ebc8fcecc2e5,Nyano #9663
Mr5HIBGy1F0,https://images.nanswap.com/bf1e7fcf-5aa4-41b9-b771-1e0a04fcd4a3,Nyano #9664
sXpxz1O2vmv,https://images.nanswap.com/d53e29d3-8f1d-4276-a3f5-53a027a4d8c9,Nyano #9665
qnCkCHWOvbn,https://images.nanswap.com/59ead1f5-bd99-4f1c-b1ba-c17ac73c547f,Nyano #9666
wBAif0FzPOU,https://images.nanswap.com/1da6bb09-0ceb-433e-be00-3a0e23207acc,Nyano #9667
xNDXRvIMty0,https://images.nanswap.com/c112efef-310e-4b84-a755-83c32cd9a656,Nyano #9668
P7cEb50T3JD,https://images.nanswap.com/3d32102d-55ee-4d86-ba8d-45584dfc4400,Nyano #9669
9JCaJ531I7h,https://images.nanswap.com/4ff23dec-3e7e-417c-87fe-b70aa426f638,Nyano #9670
DHLdSSOLtkZ,https://images.nanswap.com/2be90525-e96a-4e67-98aa-03647ff139c8,Nyano #9671
F7NY6gqyIxT,https://images.nanswap.com/1f76fc97-f0a7-497f-93aa-dec65e02ad1c,Nyano #9672
6thGGaeMn4W,https://images.nanswap.com/59d03345-9282-4411-aaf1-05a4dfed4823,Nyano #9673
BYlP1QJKzpS,https://images.nanswap.com/01990021-abfe-470d-ab17-f54c592b9b66,Nyano #9674
rnSs5LRfN56,https://images.nanswap.com/536fbcdd-177e-44bf-8b32-7239837d1b59,Nyano #9675
KALAxN8nQnf,https://images.nanswap.com/cf9da411-6829-4f3c-8485-b219cd2df1bf,Nyano #9676
9hqf8JTZpLo,https://images.nanswap.com/3b5dfdfc-0f0b-425d-99e7-0824a2549e8a,Nyano #9677
FWLop0M80xq,https://images.nanswap.com/8ab28ea0-3c56-477e-ab67-cb4ad2e4c332,Nyano #9678
CCOCsVq3eHa,https://images.nanswap.com/0f577c78-3a75-4a55-926d-77c911f04f6a,Nyano #9679
2zvWFKrtmln,https://images.nanswap.com/52c5e874-91ee-41c5-8bcf-0d4f5b50282e,Nyano #9680
9s5D0KHTqnk,https://images.nanswap.com/324cae57-bd69-4bdc-b562-d85caa60f2ca,Nyano #9681
WOp0sl9bPEz,https://images.nanswap.com/31641e42-4e44-485a-9549-89dab114d545,Nyano #9682
nKppiEf8OYH,https://images.nanswap.com/b2257b7c-96ce-4bd3-8ac1-9ef8dccb8862,Nyano #9683
tCJGpfe564z,https://images.nanswap.com/204bd0ac-93da-49f0-9058-12215c05284c,Nyano #9684
bHsncHFbW77,https://images.nanswap.com/95451584-476e-4e20-a458-4e32d1c5d1e3,Nyano #9685
fqDN1bq54vz,https://images.nanswap.com/dd19ab77-cfbe-4836-b976-8cc7d0fa70c7,Nyano #9686
u92GS2T4KHJ,https://images.nanswap.com/32ee94ba-f9cc-426b-89d2-1457e1585ca7,Nyano #9687
PLspD2Q9ZhL,https://images.nanswap.com/f87df141-3141-41e9-9cee-bac25d64ceb1,Nyano #9688
lkj1F6ZDuWg,https://images.nanswap.com/69a19431-8455-47f4-92a4-3d34080d9679,Nyano #9689
8yUPyxb2dld,https://images.nanswap.com/42973d60-f2ee-440b-a2b1-931aebfb4cfa,Nyano #9690
lLgKuFWvY3P,https://images.nanswap.com/868dfebc-0bde-45e8-b3c0-1a4333956622,Nyano #9691
pTNfXDCLeEX,https://images.nanswap.com/c25643eb-5a39-498f-8507-d6e2848032dc,Nyano #9692
lxkBFoKNu7y,https://images.nanswap.com/b993ee24-765b-40a4-abe5-364669a1823b,Nyano #9693
PxVqbuXMUtk,https://images.nanswap.com/6336ed26-a481-4800-86d4-d11c8a850f47,Nyano #9694
y6WviagmZjs,https://images.nanswap.com/174f5e8b-5be8-4cef-ae88-cdc2cc0fdfb9,Nyano #9695
4HSqYyRkq1r,https://images.nanswap.com/c2b29af2-8cb6-4595-ad65-602bed2301a7,Nyano #9696
tpSAydi2Ilm,https://images.nanswap.com/21062ad4-9074-4a13-b902-2339cd3b653f,Nyano #9697
o6xIkgQrg9m,https://images.nanswap.com/e4a4c3fb-eaaf-447b-a199-456f147a1e26,Nyano #9698
27Z44cc6ywR,https://images.nanswap.com/1fdce144-d917-4561-8d07-239f079551cc,Nyano #9699
lrcXLbTqlCH,https://images.nanswap.com/fbe720ee-2b22-4c47-9249-9dea006e8657,Nyano #9700
5lbsWNXO3bz,https://images.nanswap.com/3274f806-1203-4a89-99da-23ab3c1cca64,Nyano #9701
k0jyAJKFT6L,https://images.nanswap.com/329fba44-11fa-4b07-afb3-5760fb0aa975,Nyano #9702
rQDLJRxLZbz,https://images.nanswap.com/7043e817-a32f-404d-ae37-ffaae1a29c23,Nyano #9703
MUlUmtSySz4,https://images.nanswap.com/da2a6c44-3d79-44e6-ab5d-e3e3e20d4029,Nyano #9704
2QbCtdgWgiV,https://images.nanswap.com/823aea2b-0c0c-49e6-8d0f-adb63dbf458a,Nyano #9705
RNRv2t2SAm6,https://images.nanswap.com/94648861-e842-4a4d-a64b-93a5f65f72dd,Nyano #9706
FtPjpitxXBT,https://images.nanswap.com/39a8e9ab-467a-4daa-9e43-d2ad5402f62d,Nyano #9707
XJXVG0KcS4q,https://images.nanswap.com/bd0e48c3-3f42-4330-9941-1a6de81c8499,Nyano #9708
kZNdlmpPtI5,https://images.nanswap.com/901cc7c2-e9c2-4ad1-987a-82bfb2363659,Nyano #9709
oCY1eaHqqZu,https://images.nanswap.com/c509d984-3626-4fbf-94fb-3476980814be,Nyano #9710
dN1ojE6nRhN,https://images.nanswap.com/abb0bb83-1a44-45bf-8377-2cc158f9b3eb,Nyano #9711
0R7Nmv6F9f0,https://images.nanswap.com/6f4eea51-6674-4aeb-a0c8-9187ef62b3dc,Nyano #9712
5olS0ggNrYj,https://images.nanswap.com/c265989d-2d98-4817-8e76-213421c11c41,Nyano #9713
4DS2gfUnXSW,https://images.nanswap.com/a1eb0925-7f9a-45ab-aa31-2ac82ed030c9,Nyano #9714
VfEEcDsmyyA,https://images.nanswap.com/02337691-d109-4a4d-ace3-c0f29328f35e,Nyano #9715
nVLU8DdEARg,https://images.nanswap.com/41f4ee68-adf6-4319-a383-65825f43d340,Nyano #9716
O3uUQFGKJdd,https://images.nanswap.com/471df199-2c2b-45ad-a562-acf3635346aa,Nyano #9717
VyUlsPqQ5mr,https://images.nanswap.com/0773cf06-cca8-480a-8d9d-22267c468488,Nyano #9718
7wnqZ6Z7lN8,https://images.nanswap.com/b05998f2-d582-4490-a366-779cdd85adb4,Nyano #9719
Ajad9zGeuT1,https://images.nanswap.com/ad8ffa3d-fd5d-46a3-9404-bdeeb7b6f8d2,Nyano #9720
jk5DNVYLRl4,https://images.nanswap.com/c7397257-a408-4ef2-b138-731a3c73ef3a,Nyano #9721
4CaeHC1GZ5A,https://images.nanswap.com/be68aa73-64a4-4207-b109-b737976bcee5,Nyano #9722
3W9iTsxaLbE,https://images.nanswap.com/878a897b-593e-424a-a374-7947477b6758,Nyano #9723
WCZRHNbK6f6,https://images.nanswap.com/85d0457c-4e27-4186-8177-42e3ce402ec1,Nyano #9724
lc5HuCSsv66,https://images.nanswap.com/6fd3b786-ab31-4e59-9056-be562ccfe557,Nyano #9725
XZ6RyQ3XsBN,https://images.nanswap.com/f7363037-9828-4ca9-abe6-c789ad99cd29,Nyano #9726
VOyIFrQJsx8,https://images.nanswap.com/462b4615-33c3-4566-8fae-9ff2dc750a17,Nyano #9727
gu6LEpfKdB4,https://images.nanswap.com/b099e09a-c749-4a34-b2fb-f880cd1b27b6,Nyano #9728
M618tAk8A1z,https://images.nanswap.com/4884d6db-38bc-4a03-87ff-48a89d0bfd68,Nyano #9729
kXqhIxg7YR9,https://images.nanswap.com/045d11a1-8dff-41b3-8aa1-d0d881c6bff7,Nyano #9730
uGgqnbkKxvj,https://images.nanswap.com/0d8032a0-c887-411b-b7a5-4eb04bde87fb,Nyano #9731
Eq1ZNP7oUXG,https://images.nanswap.com/012134a3-92c0-4de8-8a8a-d052d58b3a17,Nyano #9732
He1O0TvY35J,https://images.nanswap.com/a7daa8ec-4d8c-40b5-8b05-2851ba5dd012,Nyano #9733
ocnqsJRja4W,https://images.nanswap.com/61ac5cc5-b1bf-48ae-bbfe-01204d2d08ba,Nyano #9734
x7sKG1uupPD,https://images.nanswap.com/483e2c58-fbfc-43d1-a590-b9eb58e53a79,Nyano #9735
PX1OpEOqVgE,https://images.nanswap.com/2d035426-1cad-4331-93cc-9a5864c1007f,Nyano #9736
16k0TLyyVD0,https://images.nanswap.com/3f1e0933-1141-4937-8a6e-f66f6f4015de,Nyano #9737
wxCiCKuKqya,https://images.nanswap.com/2884f20b-ae9b-4924-bfbf-13c7b0269dab,Nyano #9738
ixfPgEO3CUf,https://images.nanswap.com/1dcf7633-84e0-4e80-8120-67a110448a8c,Nyano #9739
mT4tMka5tpg,https://images.nanswap.com/5e400bde-6fbd-4a2f-b24d-60ad2488015a,Nyano #9740
vAtqlSLhNjI,https://images.nanswap.com/309a6d34-7eab-4d50-b214-1a4f173d96dd,Nyano #9741
pAbN91EaxsM,https://images.nanswap.com/49243671-0d81-4d69-bea4-88fc86eb9e0d,Nyano #9742
tso4Xge4DrD,https://images.nanswap.com/b4cca0e7-dd06-4fae-b247-8bda8b234d8a,Nyano #9743
HnkUnwvNBjn,https://images.nanswap.com/42992147-e44a-494c-99de-4a86c52d7697,Nyano #9744
a9i5udFCmGj,https://images.nanswap.com/5c861f7d-0527-42d2-9bf5-3eba418aff0c,Nyano #9745
1yMQ2r9SsKj,https://images.nanswap.com/22eb9bf8-fba5-46e2-9143-bc25325a353c,Nyano #9746
WJyE4s0DoX4,https://images.nanswap.com/e4f63cce-00c7-41af-abc4-c5fd94395044,Nyano #9747
9HmmCb91FtP,https://images.nanswap.com/48c38a51-ad2e-47ec-a68e-496f7da5ac17,Nyano #9748
zbTFJiEk90d,https://images.nanswap.com/1109d0a5-9cfc-484e-80b5-57e03089ffb7,Nyano #9749
6ouismqc6C6,https://images.nanswap.com/07f9bfbe-3666-4684-ae13-841da2c1a58c,Nyano #9750
A43NOvz8ySr,https://images.nanswap.com/16eab296-ff7d-49a1-81a6-2a7d1e8d499f,Nyano #9751
SZxISNeCorq,https://images.nanswap.com/33b91a07-b283-46fd-ab59-c99040c1d38b,Nyano #9752
NF8w0rE240y,https://images.nanswap.com/2e2506a5-0e13-420d-a3a4-31135eb23b2e,Nyano #9753
usTR9HexzFc,https://images.nanswap.com/1e7e85e3-4e46-4cfe-ad49-4a77c4816f5b,Nyano #9754
9K2jR8yFsDx,https://images.nanswap.com/f790a4dd-eafa-4f5b-9b99-33625af4d35a,Nyano #9755
uc4YWllzO7k,https://images.nanswap.com/c8100df9-d87a-4005-bf5c-2037e59ff112,Nyano #9756
qGPK1kQUgbK,https://images.nanswap.com/d9a5268e-3191-401c-b81d-b939670ed8b6,Nyano #9757
WNeaKDKP3xI,https://images.nanswap.com/0725b886-8b40-4910-acf8-1c296686e5f1,Nyano #9758
gCQLlSpu89r,https://images.nanswap.com/5805dd90-0cd2-429f-bcec-221185a3e638,Nyano #9759
qSDTj8LULyZ,https://images.nanswap.com/dba7227b-5a3b-4c80-8937-fa71c587e009,Nyano #9760
W11hdCkiH3s,https://images.nanswap.com/5aefcb09-ea7f-4629-90ed-29af5288c2ed,Nyano #9761
hIejwZhkxhq,https://images.nanswap.com/6c7dc4ab-2de0-4391-9da3-e2b2c4df7dab,Nyano #9762
0qXZDDK95DE,https://images.nanswap.com/387ceed4-bc02-4c06-ae7a-df6632b57f5d,Nyano #9763
0ozFRJW4ko1,https://images.nanswap.com/5869b509-8e86-48ba-9591-63e1e5bf3fa7,Nyano #9764
5uEJ0jlc7CN,https://images.nanswap.com/fbe254df-4834-4958-9c4f-e38e36c1cd5f,Nyano #9765
f73i5w45ogI,https://images.nanswap.com/83955581-6812-47b0-a0f0-dcfa8648aca6,Nyano #9766
dK8rkb6LWhf,https://images.nanswap.com/dc773e5a-021a-41b3-bc89-f690cff6cc89,Nyano #9767
tivqU0iKgnq,https://images.nanswap.com/f613a42f-89bd-4aa1-b246-7310b1d829c6,Nyano #9768
XunTdI6mV39,https://images.nanswap.com/65767eb8-cc6a-4237-9057-cf1e6b08c806,Nyano #9769
Rh6Pskzk16s,https://images.nanswap.com/231b5e6f-34ff-4141-b3db-dd99b65f81f4,Nyano #9770
991MgMxH0Je,https://images.nanswap.com/bf5578e4-79a2-4007-a8c8-398bdcc88b26,Nyano #9771
pqAmTca4sZZ,https://images.nanswap.com/a572ff6d-9391-4961-a3fb-12144be647c1,Nyano #9772
SqPTximy167,https://images.nanswap.com/afac190b-53db-4707-b202-dce6d1e018e2,Nyano #9773
hATgxMYCfnz,https://images.nanswap.com/7fd626ff-c612-40d4-82d5-fd583358b4ea,Nyano #9774
RxacyFUsoYg,https://images.nanswap.com/be6ce4b8-117a-4704-964f-e31179a0565e,Nyano #9775
gqg2MeR3Pj2,https://images.nanswap.com/a8ae1360-0614-403b-bc2a-2981de40bfa3,Nyano #9776
Gfiq6BWPlbK,https://images.nanswap.com/cf0144a6-1863-49d4-9832-81511ab772f6,Nyano #9777
VCR5IsELyhE,https://images.nanswap.com/b0a34db5-033b-4367-831f-db2eab073142,Nyano #9778
bxPxdIg6Fxe,https://images.nanswap.com/a0aeac82-b8bd-471b-a129-4d91ca2c85de,Nyano #9779
EkzsaRPhgjv,https://images.nanswap.com/26962cee-fecb-419b-9443-161b8c51f143,Nyano #9780
yCKqkzB6oCq,https://images.nanswap.com/b9a917f5-394e-46f6-85e4-aa29372ef6a0,Nyano #9781
KpmwonWOSEZ,https://images.nanswap.com/48e8b6d9-8f10-4b87-82cc-ba37ff988da5,Nyano #9782
HwH84aFqJQS,https://images.nanswap.com/0d31b089-c23b-4af8-9695-d7e01150805f,Nyano #9783
EiWiiiDMowD,https://images.nanswap.com/db10d7e5-0b46-4539-97a1-a01c55a742cf,Nyano #9784
TWjcA1zwKeD,https://images.nanswap.com/6d6969be-d354-4bb4-adc1-b59dcdbcf0dd,Nyano #9785
LdKe0MXOuFC,https://images.nanswap.com/6416d949-4fb4-4772-82dd-4116f51863ac,Nyano #9786
wDSHKfvmC08,https://images.nanswap.com/5d5b9896-5785-4139-846c-a8e7b547074c,Nyano #9787
JKIZ2BU5qBT,https://images.nanswap.com/b243d2c0-2832-4dbf-b31a-a94e8804a96d,Nyano #9788
RxCnIH6l8S0,https://images.nanswap.com/165e86e2-29cc-4133-a734-b68eca5ebda8,Nyano #9789
V8cdkshk95Y,https://images.nanswap.com/6f84a479-6541-43a7-87dc-3716995f74e0,Nyano #9790
6B0Hrp3J4Br,https://images.nanswap.com/6b58c406-85b7-45da-976e-fff3c8ac0a90,Nyano #9791
r7F1SxAKHhU,https://images.nanswap.com/0f8f8155-40e4-40c6-ae11-37d21471d57d,Nyano #9792
YfZILc48GjA,https://images.nanswap.com/6f456587-e3dd-43da-81bd-6012859af6a3,Nyano #9793
fmrxkk1TDcH,https://images.nanswap.com/a850f706-c8f2-4e5a-bcb2-933a715b92bf,Nyano #9794
0mSLKDwB3fN,https://images.nanswap.com/0fe13876-ab51-4580-b667-a18440446abf,Nyano #9795
6E4OPHRi97a,https://images.nanswap.com/e2619660-9548-4860-adb9-cdbde9fca426,Nyano #9796
LbF0RPmqeWC,https://images.nanswap.com/9b15520f-0a32-4b10-b859-f4f07799c7da,Nyano #9797
6yzNx1rbL62,https://images.nanswap.com/fda9e1e6-947a-4a10-8083-7f119ea6e85f,Nyano #9798
nA534f0ppsz,https://images.nanswap.com/21c8fa34-8984-4b22-ba10-f81d46e673d9,Nyano #9799
AiKDb7hqFt7,https://images.nanswap.com/3eeecc34-dc74-4462-b3ed-915b6f7a38b5,Nyano #9800
lf9SgkGwV42,https://images.nanswap.com/3ce8f431-6aa9-45d9-99bf-720c895c6e71,Nyano #9801
y5PvMh5TIqu,https://images.nanswap.com/81b6abc9-14d5-4bad-9239-5647119d4506,Nyano #9802
8YkUK1LKBMn,https://images.nanswap.com/6e040f0a-95f2-4205-a2d4-b780762f282d,Nyano #9803
UWL61ksJL1v,https://images.nanswap.com/88ad9c60-03cb-4e33-8cc9-ef9a1185ab43,Nyano #9804
KzDgBRLSAVt,https://images.nanswap.com/ff341eb9-f51b-450a-8167-11b78712f016,Nyano #9805
RQyMqkVmOQ4,https://images.nanswap.com/bad637c3-a29b-431d-8500-4ecf543f4ae3,Nyano #9806
E2HYHisu3ES,https://images.nanswap.com/ae4f7084-347e-4dd8-9854-cbf3cfadb758,Nyano #9807
ruLO7bMGA5S,https://images.nanswap.com/b0d9b7be-a718-41d2-8319-e4698b019f58,Nyano #9808
bbma0fTHXzS,https://images.nanswap.com/7ac1f7f4-b39c-460a-892c-0797e26c6e75,Nyano #9809
yWDE0awJRzo,https://images.nanswap.com/a5ddf6b7-9948-4512-8c96-8fc4e32bbab3,Nyano #9810
uTP9rtJZxe1,https://images.nanswap.com/0dbd477a-b801-4119-a718-d60d6208ca60,Nyano #9811
TBQ0XY3dodG,https://images.nanswap.com/c0436a60-a435-4f35-8cd5-fbc0960747cb,Nyano #9812
iYPmcHek91F,https://images.nanswap.com/fc251140-d590-4fd4-b96d-8308841db392,Nyano #9813
Vs7qyXPq4D4,https://images.nanswap.com/0b7ca852-da28-494b-831c-8009e76372e7,Nyano #9814
fCluGn7FUIe,https://images.nanswap.com/6395236d-142d-4126-835f-f5cb432900cf,Nyano #9815
JjPSJbx1G45,https://images.nanswap.com/b9ff8e04-ebd2-4477-9cac-043716a6a3b6,Nyano #9816
V4OHCWaNHD0,https://images.nanswap.com/cc1b3cff-a4f4-48e3-9e15-50ca88290661,Nyano #9817
rVzrSFbairj,https://images.nanswap.com/fcbb8568-8504-4ab8-81da-a6c9ad8cabcf,Nyano #9818
r0bqOu3siOl,https://images.nanswap.com/e8cc9fcf-d7c0-4923-9fa6-ca73acc06315,Nyano #9819
FnFLUwwbqk9,https://images.nanswap.com/ca192059-3c3b-482a-933d-ad68c1545eac,Nyano #9820
NyudoWF48yU,https://images.nanswap.com/7e3f279b-8e57-4156-af37-35ee27b76cd4,Nyano #9821
gRcEpHxLQsb,https://images.nanswap.com/da91d28c-3c6f-4863-a02c-204b7a5fdf09,Nyano #9822
rxQJSInRFyX,https://images.nanswap.com/04798013-ae9b-451e-9fb5-edc182106377,Nyano #9823
f6a4alGsvyf,https://images.nanswap.com/cec4469a-1de6-46ce-a91c-7d0aa9d0ee14,Nyano #9824
Uk00pkkoqg5,https://images.nanswap.com/7cdc41da-9474-438b-a1a8-38af5b4a9054,Nyano #9825
LdSqRElHmTL,https://images.nanswap.com/07c61de2-a303-4fdc-ad64-778cdab0d17a,Nyano #9826
z31IMY43T7Q,https://images.nanswap.com/187a0de8-28cb-448d-b9d9-5172f9919cbd,Nyano #9827
0J6irvM5YxF,https://images.nanswap.com/c1b34dbf-2692-46ec-9a24-a69a4b7298bd,Nyano #9828
LRBaXOPbQNK,https://images.nanswap.com/044a9e5c-b47d-4738-a79f-f53eef05d670,Nyano #9829
omVuPS6wkxX,https://images.nanswap.com/b4c7c109-6bd4-492c-b25a-be68a2bec534,Nyano #9830
0W8IJR3Wh96,https://images.nanswap.com/09da622b-fee7-483d-abfc-1672aa4fefe1,Nyano #9831
wIwvtDO4D26,https://images.nanswap.com/409ac965-a1aa-4ffc-a8f4-4be4de0e2d50,Nyano #9832
vS958z4XIpD,https://images.nanswap.com/4e1923c0-14ba-41a2-af95-b1639cca7154,Nyano #9833
doGJuydXY0c,https://images.nanswap.com/a8e92329-2749-434d-82c2-4fa2a5b7a3a0,Nyano #9834
nL0G0JatDE7,https://images.nanswap.com/4d4a555e-cf7b-479b-8c59-fa58200ab8e6,Nyano #9835
f1K6o3U1Lvf,https://images.nanswap.com/39c7f5e5-816b-4d9a-bfc8-67933fa22761,Nyano #9836
b5QI6Ch2LIJ,https://images.nanswap.com/6343128c-7b2f-4e3e-a8b4-f9adba5b27f1,Nyano #9837
j29j0NEUdFg,https://images.nanswap.com/71d5dd74-f1b9-4bfb-b8a6-6ba07091f12d,Nyano #9838
6FIVwR1gCMC,https://images.nanswap.com/691f9c3b-c526-4c5b-9cb6-0b0d2c0376f8,Nyano #9839
yqtnRGVThVV,https://images.nanswap.com/e0324eac-857d-42fc-8eb8-67ebfea1d497,Nyano #9840
DtpUpaCBfT3,https://images.nanswap.com/71196af4-7aeb-40c4-9dd1-d9059fad0aa7,Nyano #9841
qwNTvliGeMr,https://images.nanswap.com/904a6554-5ebc-4430-a57a-1f449df965aa,Nyano #9842
ti4AgcmPwjX,https://images.nanswap.com/84365570-8078-4a06-8abd-8abca2d38f38,Nyano #9843
lMLLF0o7VaN,https://images.nanswap.com/f824a202-b0e7-46b6-8c9b-fc231d4e9b4b,Nyano #9844
NSIaYSr5ncH,https://images.nanswap.com/cb492b76-965a-4f20-9b34-9521dfac1850,Nyano #9845
pyQMQbzJITz,https://images.nanswap.com/fc28adbe-31bf-4c75-a693-7609c51fe551,Nyano #9846
H5ICjkIxH1p,https://images.nanswap.com/b5c881a3-8c88-40ce-9b65-0c6f25ff0f45,Nyano #9847
WzQxwdtMzbS,https://images.nanswap.com/39f2ef5a-9e5b-43fd-8225-9fdaa5b2ba48,Nyano #9848
C0I9dvzgILG,https://images.nanswap.com/8eb424a7-0081-44e0-aceb-a17c791c0ceb,Nyano #9849
8wwodP5pKS9,https://images.nanswap.com/a5e47988-676a-4143-b510-2b529c9078d7,Nyano #9850
pP2ARBgg4hg,https://images.nanswap.com/7cbcf44c-ea02-4425-bb4e-7c1f2531b458,Nyano #9851
ltHIt7MCNnF,https://images.nanswap.com/ce62a272-5bb7-4ca4-a96e-ef75876c6fd0,Nyano #9852
n4BV78api2P,https://images.nanswap.com/3942468e-fc93-44cf-b5b0-969c6a427bcb,Nyano #9853
ftEosPJCKoR,https://images.nanswap.com/7902038c-51b5-4efa-8ca4-904b0fc5c64d,Nyano #9854
yQpUoWmJzRp,https://images.nanswap.com/3d99f8a8-e69f-4b0c-a43d-4fe3777ec5c9,Nyano #9855
yWuBSByyA5K,https://images.nanswap.com/ce4147d8-8755-414d-b046-03a93e31f2f0,Nyano #9856
QtsVMMylBdj,https://images.nanswap.com/c711158c-2401-4d37-8f16-87e0f3abddd3,Nyano #9857
E5nUxgjbRVe,https://images.nanswap.com/510f090b-6570-410d-954e-c3dd799005f7,Nyano #9858
rCo3h9wPJBL,https://images.nanswap.com/429bd5d2-c0f6-4358-b539-6c69def86f56,Nyano #9859
9k7P3pLnl0p,https://images.nanswap.com/22c9af42-ef59-4a9c-a69d-0f7a23e8b43a,Nyano #9860
ghAhqQtg7OA,https://images.nanswap.com/6b7bc65f-53a8-47d8-9659-934e34700147,Nyano #9861
BZ39FehlyBj,https://images.nanswap.com/cbd32646-9124-4273-9807-77d7c1d1a2e0,Nyano #9862
wXsGFduTJWj,https://images.nanswap.com/27ae126f-5df9-40fd-a729-d33ca3503cdc,Nyano #9863
TwqRrEz2iEJ,https://images.nanswap.com/5019a089-a597-4ef3-b6fe-2d29a52315a4,Nyano #9864
CqxnzHVV10I,https://images.nanswap.com/ee29ad8c-11bb-4a80-b4e7-42751fc6c157,Nyano #9865
szJCCKghPc5,https://images.nanswap.com/aba88909-e2d2-423b-8a6c-b182ab3beba2,Nyano #9866
d784jnZ6FtY,https://images.nanswap.com/4a02d986-a91b-4b25-bbbb-50f2142ae32c,Nyano #9867
XzRkt5j9XQD,https://images.nanswap.com/2f74443b-fa50-420a-becb-dde37e46d07a,Nyano #9868
atXDMtBCuLA,https://images.nanswap.com/f4fca485-ad45-4905-9a45-0c865bd704be,Nyano #9869
of89cLKKlRd,https://images.nanswap.com/73ae8882-ad61-41ec-8501-5a5de1b45fa3,Nyano #9870
hp9xjZEKgn4,https://images.nanswap.com/580e3f86-7074-4ede-93e7-b5355cd3294a,Nyano #9871
qJfq7AfmX0H,https://images.nanswap.com/76c7e3f2-8ed6-4bc8-b7b4-6f979479f1a9,Nyano #9872
VQrtAGZXq1J,https://images.nanswap.com/e25363f9-7ffe-4f58-9b19-4c81d268ba0b,Nyano #9873
wV9SqrfVlTo,https://images.nanswap.com/25f6c449-3601-436f-b694-f92dc7d2a8fc,Nyano #9874
kYZLOKY5Pib,https://images.nanswap.com/84a0a265-073d-4428-975b-72e4397f8222,Nyano #9875
dbNpwMgwynK,https://images.nanswap.com/6d637b07-78bf-412c-a44f-30ef613a27d4,Nyano #9876
KjHBfZOVvmG,https://images.nanswap.com/63059425-08c3-45c7-b840-fd029ff63d8d,Nyano #9877
LNG957YT8ls,https://images.nanswap.com/66addc20-01bd-4391-8319-8004dc7af527,Nyano #9878
5eEPSQOtQJF,https://images.nanswap.com/3f9e0edd-2653-4e65-b877-50c4f8bdda6a,Nyano #9879
U6i3dmwwNaI,https://images.nanswap.com/ddaa462d-0076-4a44-8d52-25cca5c062ed,Nyano #9880
qx87LlQQ4bx,https://images.nanswap.com/71bf07fd-51e4-4465-91de-e581ab7cdc60,Nyano #9881
qFFmiMhnjuR,https://images.nanswap.com/3f964584-4f77-44e0-b97c-f05f53869f55,Nyano #9882
NwHgbexOSv4,https://images.nanswap.com/946f0e21-5af9-4746-a3a8-2232dc36d5e7,Nyano #9883
VQmhCWFEhnZ,https://images.nanswap.com/bf0746a8-5d9c-4cf5-8004-a53e5d2da1e2,Nyano #9884
xqigRw47XLW,https://images.nanswap.com/5341d9d5-3e95-40d5-af5f-3c04e97e2127,Nyano #9885
IXLAzlqPJol,https://images.nanswap.com/2bccb20e-f852-4887-bf43-61a4b4e7f50c,Nyano #9886
PwjoQ72vQvn,https://images.nanswap.com/c852f508-fc4a-4bd1-8cbe-9e4d45a6666d,Nyano #9887
uIn3BRQqEu0,https://images.nanswap.com/2476ab14-d35c-4ecc-880e-0db5cadef3be,Nyano #9888
gH47yI5pvtL,https://images.nanswap.com/bebdc83b-c91c-4080-8dc6-5d07be3a06a4,Nyano #9889
sU0a8kbMZhh,https://images.nanswap.com/df50c1e8-ba12-4321-a61a-084b22879394,Nyano #9890
FQqyJuI5Opf,https://images.nanswap.com/40202017-7321-4415-99f7-35ff7e978093,Nyano #9891
TDOwTzM4hqs,https://images.nanswap.com/a508c2e0-797f-499e-b9d1-0c8afe89f961,Nyano #9892
Jza0JuRVNbI,https://images.nanswap.com/f4811cd4-2d5d-40e6-8645-bd7b9822aa87,Nyano #9893
saPUzmpH7KH,https://images.nanswap.com/4be39950-0f8a-4c50-afaf-b54d1eb87efe,Nyano #9894
huYRR01chxM,https://images.nanswap.com/cbdd3717-c196-4f43-83d8-849f6331e7dd,Nyano #9895
Chw8PU8r7F3,https://images.nanswap.com/705a269a-18d8-4f7c-a9b4-3a2dd040fde5,Nyano #9896
8GH1nAhF4zj,https://images.nanswap.com/782d2708-64e0-4c16-94d1-5e64460f15ff,Nyano #9897
ZRKxV0YOLcU,https://images.nanswap.com/17276cdd-c488-4613-be48-f16812dca782,Nyano #9898
RV8Z9b89ZGa,https://images.nanswap.com/17a70431-1466-46d8-8993-f4cab1ae477c,Nyano #9899
qZPLye8KY2K,https://images.nanswap.com/d175e0b3-13ed-48a1-8b55-ff7cd0b4c7d3,Nyano #9900
u9MryIK58qS,https://images.nanswap.com/3207ce0e-805f-4787-995e-0774f0f9150c,Nyano #9901
CGjAQdgYhi7,https://images.nanswap.com/cd56940e-35ce-43f3-b4e7-f8da1d0d7ba0,Nyano #9902
1zKocUeUuAD,https://images.nanswap.com/bc21e354-038c-414b-8ebe-0112c3b56094,Nyano #9903
KuKj8C3NGzu,https://images.nanswap.com/055f1357-3762-4dcc-af92-34b26ca1c2cd,Nyano #9904
1MyekbffTvh,https://images.nanswap.com/38cf9d62-07c4-45ca-b565-f12dc0f0eb9f,Nyano #9905
Su2rhyzW2f8,https://images.nanswap.com/fd2e8ead-cc29-407e-b7af-b47552fc41f1,Nyano #9906
jhEYwASKuO8,https://images.nanswap.com/73b7a915-f7be-4c18-9883-c250212bb986,Nyano #9907
GoBKY1AKeuD,https://images.nanswap.com/f36c4f82-be55-4a45-ae1c-4087925fac72,Nyano #9908
1oxF6UQEZca,https://images.nanswap.com/618f306f-116b-4d36-bb5a-4b369a49ed70,Nyano #9909
1UbOg58jNVI,https://images.nanswap.com/67cb1db0-741b-44c8-be3b-ef62772ae07e,Nyano #9910
7tICoWKhkui,https://images.nanswap.com/fde1c182-dc50-4aa8-8f95-d84c97c671fc,Nyano #9911
4FauinhGXhG,https://images.nanswap.com/91c1f881-70d0-4bcb-a94e-2e74a01e1650,Nyano #9912
pqyjsXFUGne,https://images.nanswap.com/9483697f-7f1c-49c8-8458-801a57e8b364,Nyano #9913
sUT4ixPmgfq,https://images.nanswap.com/3f62d6d0-b545-4015-9c84-047772950b8c,Nyano #9914
JkqHt10jdx5,https://images.nanswap.com/d20ed33e-e27d-4b0a-aeaa-f78a72753582,Nyano #9915
0F23pjLfGXF,https://images.nanswap.com/659f9451-2c05-4230-847f-ea28d4e0335c,Nyano #9916
cejQxAzEzsC,https://images.nanswap.com/a118add7-27fa-4cbe-92f7-a8cffd599b0a,Nyano #9917
KKAMLR9JOpx,https://images.nanswap.com/bdcda445-3082-4cf6-a652-8aae803d4d1d,Nyano #9918
XJdYqjZuPtR,https://images.nanswap.com/ce2bbc7d-03bc-4982-b7db-f70432f2290a,Nyano #9919
lJLplDSwW6i,https://images.nanswap.com/ad8a8bc8-79e9-41c0-9530-6497db0fd75d,Nyano #9920
CxYylu6YDKE,https://images.nanswap.com/f97a4217-85fd-45a3-901f-21d552681b61,Nyano #9921
VdcSfR5mYII,https://images.nanswap.com/c5e87917-6f10-4958-93a7-f956b0c79083,Nyano #9922
EbIAg8fbyzC,https://images.nanswap.com/37334899-b92b-4b87-a84a-94725f35979e,Nyano #9923
NY8dSFQMz7K,https://images.nanswap.com/b1169821-5e38-4797-adbb-e3f40120b3ad,Nyano #9924
pYXJLvXCjVV,https://images.nanswap.com/f4e56675-312c-46f7-bca0-6cefaf7ff60b,Nyano #9925
yfHVJhBv3EB,https://images.nanswap.com/2e5f6ca3-a07f-4996-ad20-e6e634d0ba71,Nyano #9926
qmcNcNLynbC,https://images.nanswap.com/2239314d-4924-4a8a-9706-39c6a79ded2d,Nyano #9927
GdCsJZeYbYh,https://images.nanswap.com/b976608c-2d00-4b2a-932e-9bc15588a374,Nyano #9928
43mTmAmLmUj,https://images.nanswap.com/82b13ee1-2035-4a0a-8100-1d56678960db,Nyano #9929
W8BAVh8C3X6,https://images.nanswap.com/c3ab4133-6416-432e-ac66-a3ac9913c02f,Nyano #9930
durq0O1kt0B,https://images.nanswap.com/68f6ad1e-b7b0-49ce-9e52-1b7125267b0f,Nyano #9931
LstXezNz8NL,https://images.nanswap.com/1e7ddb56-bc77-4b3c-9c0a-1e94a06e1000,Nyano #9932
9KJtFRbGS7o,https://images.nanswap.com/531d7cda-9da1-4fa2-86f8-e281894cba7a,Nyano #9933
S7h7LoD5bvg,https://images.nanswap.com/61c6f7a8-2640-4af8-bf5e-09d0a9e49d9e,Nyano #9934
2ntjOmgle3T,https://images.nanswap.com/c7d0838b-87c8-49d0-ae54-03dee54906b9,Nyano #9935
EMaxnASi7H4,https://images.nanswap.com/5812e14f-d5ae-4ce0-993f-549ead510c3e,Nyano #9936
LG7QsJkaXfs,https://images.nanswap.com/05a33506-5a3b-4052-805c-0d3f13f049d9,Nyano #9937
gyWPyq88DYn,https://images.nanswap.com/80821d72-116f-4e52-b48c-4f8ec6c9dd45,Nyano #9938
OCzcWrzaH8V,https://images.nanswap.com/12ec48b3-9b07-4b34-be68-363a7547b1cd,Nyano #9939
Xrhl5FvZGlZ,https://images.nanswap.com/213dc33b-6172-47cc-b136-8add9b3e0d6b,Nyano #9940
tktrklZcxU7,https://images.nanswap.com/ea71bfdd-5ac4-4cf7-b7d2-3e9e9725cb3d,Nyano #9941
yopG3pkqQAT,https://images.nanswap.com/4c372492-80c3-438a-ac47-f9338bd5262b,Nyano #9942
jRtUd455YMo,https://images.nanswap.com/6147a566-953b-4617-8b21-dd325af3ff0b,Nyano #9943
jdq1LVpQZMc,https://images.nanswap.com/1d7e059b-2a73-4e30-9ebe-b2e19da20b6b,Nyano #9944
DhXX9x7DHX2,https://images.nanswap.com/cf9c2c2a-cc45-41f3-9d90-ac4ae9b1e7d1,Nyano #9945
TO7QBvLKegO,https://images.nanswap.com/66a656db-2cd1-453a-b3a0-0d8d9630c60c,Nyano #9946
86R7sV4GrLG,https://images.nanswap.com/c64fcdbb-71de-42e6-844a-14c323732e1b,Nyano #9947
fF3DXiOnXpZ,https://images.nanswap.com/b1cffda4-c666-4727-a110-2adcfbf620f3,Nyano #9948
Ah7JQjhdlPP,https://images.nanswap.com/2c1bef5b-9b2e-4249-a86c-004685f62460,Nyano #9949
4QxJPoRc8DA,https://images.nanswap.com/1f2c9333-d71b-4eb3-8ff9-fcdcd0c43f1a,Nyano #9950
8GyNdmaTXRv,https://images.nanswap.com/e6853cd8-fefa-4289-b452-aa17a97dde25,Nyano #9951
6H8n2cyAn45,https://images.nanswap.com/02355a06-6430-4877-b3ec-c244f57eeb28,Nyano #9952
aOVfllJENaQ,https://images.nanswap.com/2ad26050-8a44-4d4e-8427-7a1a7002f184,Nyano #9953
DrX8klEqGBZ,https://images.nanswap.com/351caee9-77c9-42f4-9b8a-7ca7d2393415,Nyano #9954
4OqaTAsja6Q,https://images.nanswap.com/57bb735e-6bba-45db-9522-0fe69d6812d8,Nyano #9955
6q3kVS6MbdQ,https://images.nanswap.com/90f1c7b3-dc5d-46cf-ace0-31306ff8446a,Nyano #9956
zmbSRy5IKyc,https://images.nanswap.com/989c6ea9-8f12-41f6-94ac-041904cf21c7,Nyano #9957
nUK329t25j7,https://images.nanswap.com/599e5584-2c92-4737-aade-8f2ff189df20,Nyano #9958
idl1WAYNKDE,https://images.nanswap.com/a279eaae-d3a7-4542-b115-676f1b2ccd38,Nyano #9959
EljlE3NmlWy,https://images.nanswap.com/c605a4bf-487c-457c-9441-12f0da5a9656,Nyano #9960
1FUxylYOrFK,https://images.nanswap.com/a479bfe4-39c9-4ab6-be92-d145b3fdb0ea,Nyano #9961
PdoGDNOMBuD,https://images.nanswap.com/9a82a057-33ca-41de-a01a-ad76346694b5,Nyano #9962
XmynLLNGTe0,https://images.nanswap.com/fe299839-0808-4c13-86e9-eda6631a48fa,Nyano #9963
Md873ou6awS,https://images.nanswap.com/c0a5db09-2962-4586-9f6d-17e523c6be71,Nyano #9964
a7bimK7LZdA,https://images.nanswap.com/13b4b443-bb5d-447b-a2bb-0dbd162a17ad,Nyano #9965
IyOo1Rvvi5f,https://images.nanswap.com/49b821b2-bbe0-4401-bfd0-0c860bb2d997,Nyano #9966
T9xpvHOzTXa,https://images.nanswap.com/5d9b31f0-7809-4a6e-965e-e23bb8db24cd,Nyano #9967
ey30SNs0y6r,https://images.nanswap.com/8a7d97c3-9c10-4ef6-98e5-362c6d391478,Nyano #9968
E7ypPP6OeaG,https://images.nanswap.com/ae3aa52d-cebe-4281-8f38-97775078684e,Nyano #9969
cPcU5e8zHva,https://images.nanswap.com/9f19c6ad-9743-4cfa-b2a5-07cee893c822,Nyano #9970
bqh1fAbtF4T,https://images.nanswap.com/df5cf466-bb8f-4d33-833a-c4815eb122be,Nyano #9971
YqBypOUYTdY,https://images.nanswap.com/7113261f-e4ab-4c33-8d20-dec39fbd120d,Nyano #9972
VD73LTX0ypm,https://images.nanswap.com/050d7b61-1c37-4ccb-97e5-e5279905cd22,Nyano #9973
xtM4HvtwE9j,https://images.nanswap.com/3d7fe24b-6a5f-446e-8694-43a1e1e4836d,Nyano #9974
ghzuKKZWZsY,https://images.nanswap.com/dafb8f29-59d6-4828-b57a-d0680df3829d,Nyano #9975
vGREczeXZpq,https://images.nanswap.com/3243ed0a-215b-4b73-bdf4-5a54c5a7423c,Nyano #9976
NbaUvcAawWB,https://images.nanswap.com/72952bb5-419f-4727-bbb3-c09383bc318d,Nyano #9977
Iqn17khb7qr,https://images.nanswap.com/aa68f6df-d90a-46a1-93ef-672a50b2615e,Nyano #9978
iYqFYuNPviG,https://images.nanswap.com/aad72fdd-ab8f-4271-91a8-8ceee696db9f,Nyano #9979
R2NZgoQNC5q,https://images.nanswap.com/d752e081-dedd-4940-94f5-a057bafa0272,Nyano #9980
N9HsAxHv8nW,https://images.nanswap.com/310012c2-4e10-40e8-ab66-e1a029724a4d,Nyano #9981
2lXemRocJnV,https://images.nanswap.com/21c313f8-a39d-4d79-bd4a-cea36d920f41,Nyano #9982
NCfaAiY4CQX,https://images.nanswap.com/649bc431-fb52-4085-b26c-9dcb54a0c87d,Nyano #9983
Dim85j2sg2I,https://images.nanswap.com/a986a7b3-4e1a-405a-8b38-562cd89d13f6,Nyano #9984
Oo0Ws604RIf,https://images.nanswap.com/9b8e3c02-60fb-429c-8dca-40c9ca2c2ae9,Nyano #9985
FHGmOJg7XXX,https://images.nanswap.com/eb0864f4-1d6b-4f02-8479-0c97af4d86db,Nyano #9986
H81LPUWHOqK,https://images.nanswap.com/7a34cf89-5963-4afd-a14b-7dde6e482cb6,Nyano #9987
ZGNcaCeTuH1,https://images.nanswap.com/c402ed9b-df95-4065-b4a7-5bb8ff6d98eb,Nyano #9988
vGVkYHfsZf0,https://images.nanswap.com/23198710-f674-48ff-a882-97e88dfe4fb9,Nyano #9989
t5RS0ShZiKU,https://images.nanswap.com/5bce5748-c651-4405-b0b3-a6fda8ea37e8,Nyano #9990
vqh00vrZvmE,https://images.nanswap.com/7eec06e3-858f-4a45-921c-9e00379cfd7a,Nyano #9991
LpY1nnmvLCU,https://images.nanswap.com/d95a8d4a-9651-41e2-a60e-64c1dcf9947d,Nyano #9992
DvvLH2kgdTa,https://images.nanswap.com/606ff5da-ea2f-49ab-adee-4530b9643275,Nyano #9993
mVWX44hBFdz,https://images.nanswap.com/21719c43-291c-4cf0-9a4e-aa5e7742e832,Nyano #9994
OMQx1oy6gYl,https://images.nanswap.com/e6d3ef64-6e7b-4736-ae90-4797f1ced8d6,Nyano #9995
T1nCQ2DmFFK,https://images.nanswap.com/5fdd160d-f202-4ce3-b0e3-cf03b05c5bbc,Nyano #9996
4E0x9YSbqE2,https://images.nanswap.com/99a3e949-a534-40ec-898a-e8aedd29020e,Nyano #9997
ocOkJDk6uap,https://images.nanswap.com/1aa15ac7-3266-4a1d-921c-fc34c707c33f,Nyano #9998
UpoP1sgyKkf,https://images.nanswap.com/9b60a39f-eb92-4805-a0df-45291511773c,Nyano #9999